{
  "pipelineConfig" : {
    "schemaVersion" : 6,
    "version" : 17,
    "pipelineId" : "BronzeLayebbf08009-8d4f-4e3f-8fa4-bade78477a93",
    "title" : "BronzeLayerStream",
    "description" : "",
    "uuid" : "35880661-edd4-4007-805f-44d00379268a",
    "configuration" : [ {
      "name" : "executionMode",
      "value" : "STANDALONE"
    }, {
      "name" : "edgeHttpUrl",
      "value" : "http://localhost:18633"
    }, {
      "name" : "deliveryGuarantee",
      "value" : "AT_LEAST_ONCE"
    }, {
      "name" : "testOriginStage",
      "value" : "streamsets-datacollector-dev-lib::com_streamsets_pipeline_stage_devtest_rawdata_RawDataDSource::3"
    }, {
      "name" : "startEventStage",
      "value" : "streamsets-datacollector-basic-lib::com_streamsets_pipeline_stage_destination_devnull_ToErrorNullDTarget::1"
    }, {
      "name" : "stopEventStage",
      "value" : "streamsets-datacollector-basic-lib::com_streamsets_pipeline_stage_destination_devnull_ToErrorNullDTarget::1"
    }, {
      "name" : "shouldRetry",
      "value" : true
    }, {
      "name" : "triggerInterval",
      "value" : 2000
    }, {
      "name" : "retryAttempts",
      "value" : 3
    }, {
      "name" : "ludicrousMode",
      "value" : false
    }, {
      "name" : "ludicrousModeInputCount",
      "value" : false
    }, {
      "name" : "advancedErrorHandling",
      "value" : false
    }, {
      "name" : "notifyOnStates",
      "value" : [ "RUN_ERROR", "STOPPED", "FINISHED" ]
    }, {
      "name" : "emailIDs",
      "value" : [ ]
    }, {
      "name" : "constants",
      "value" : [ {
        "value" : "weather",
        "key" : "table.name.namevalue"
      }, {
        "key" : "schema.name",
        "value" : "bronze"
      }, {
        "key" : "table.name",
        "value" : "tsource_18"
      } ]
    }, {
      "name" : "badRecordsHandling",
      "value" : "streamsets-datacollector-basic-lib::com_streamsets_pipeline_stage_destination_recordstolocalfilesystem_ToErrorLocalFSDTarget::1"
    }, {
      "name" : "errorRecordPolicy",
      "value" : "ORIGINAL_RECORD"
    }, {
      "name" : "statsAggregatorStage",
      "value" : "streamsets-datacollector-basic-lib::com_streamsets_pipeline_stage_destination_devnull_StatsDpmDirectlyDTarget::1"
    }, {
      "name" : "workerCount",
      "value" : 0
    }, {
      "name" : "clusterSlaveMemory",
      "value" : 2048
    }, {
      "name" : "clusterSlaveJavaOpts",
      "value" : "-XX:+UseConcMarkSweepGC -XX:+UseParNewGC -Dlog4j.debug"
    }, {
      "name" : "clusterLauncherEnv",
      "value" : [ ]
    }, {
      "name" : "mesosDispatcherURL",
      "value" : null
    }, {
      "name" : "logLevel",
      "value" : "INFO"
    }, {
      "name" : "hdfsS3ConfDir",
      "value" : null
    }, {
      "name" : "rateLimit",
      "value" : 1
    }, {
      "name" : "maxRunners",
      "value" : 0
    }, {
      "name" : "shouldCreateFailureSnapshot",
      "value" : true
    }, {
      "name" : "runnerIdleTIme",
      "value" : 60
    }, {
      "name" : "webhookConfigs",
      "value" : [ ]
    }, {
      "name" : "sparkConfigs",
      "value" : [ ]
    }, {
      "name" : "preprocessScript",
      "value" : "/*\nThe following script define a method\nthat increments an integer by 1 \nand registers it as a UDF with \nthe SparkSession, which can be accessed\nusing the variable named \"spark\":\ndef inc(i: Integer): Integer = {\n  i + 1\n}\nspark.udf.register (\"inc\", inc _)\n\n*/"
    }, {
      "name" : "clusterConfig.clusterType",
      "value" : "LOCAL"
    }, {
      "name" : "clusterConfig.sparkMasterUrl",
      "value" : "local[*]"
    }, {
      "name" : "clusterConfig.deployMode",
      "value" : "CLIENT"
    }, {
      "name" : "clusterConfig.hadoopUserName",
      "value" : null
    }, {
      "name" : "clusterConfig.sparkAppName",
      "value" : "${pipeline:title()}"
    }, {
      "name" : "clusterConfig.stagingDir",
      "value" : "/streamsets"
    }, {
      "name" : "clusterConfig.useYarnKerberosKeytab",
      "value" : false
    }, {
      "name" : "clusterConfig.yarnKerberosKeytabSource",
      "value" : "PROPERTIES_FILE"
    }, {
      "name" : "clusterConfig.yarnKerberosKeytab",
      "value" : null
    }, {
      "name" : "clusterConfig.yarnKerberosPrincipal",
      "value" : "name@DOMAIN"
    }, {
      "name" : "clusterConfig.callbackUrl",
      "value" : null
    }, {
      "name" : "databricksConfig.baseUrl",
      "value" : null
    }, {
      "name" : "databricksConfig.credentialType",
      "value" : null
    }, {
      "name" : "databricksConfig.username",
      "value" : ""
    }, {
      "name" : "databricksConfig.password",
      "value" : ""
    }, {
      "name" : "databricksConfig.token",
      "value" : ""
    }, {
      "name" : "databricksConfig.provisionNewCluster",
      "value" : true
    }, {
      "name" : "databricksConfig.clusterId",
      "value" : null
    }, {
      "name" : "databricksConfig.clusterConfig",
      "value" : "{\n    \"num_workers\": 8,\n    \"spark_version\": \"5.3.x-scala2.11\",\n    \"node_type_id\": \"i3.xlarge\"\n}"
    }, {
      "name" : "databricksConfig.terminateCluster",
      "value" : false
    }, {
      "name" : "livyConfig.baseUrl",
      "value" : "https://localhost:30443/gateway/default/livy/v1/"
    }, {
      "name" : "livyConfig.username",
      "value" : ""
    }, {
      "name" : "livyConfig.password",
      "value" : ""
    }, {
      "name" : "amazonEMRConfig.userRegion",
      "value" : null
    }, {
      "name" : "amazonEMRConfig.userRegionCustom",
      "value" : null
    }, {
      "name" : "amazonEMRConfig.accessKey",
      "value" : ""
    }, {
      "name" : "amazonEMRConfig.secretKey",
      "value" : ""
    }, {
      "name" : "amazonEMRConfig.s3StagingUri",
      "value" : null
    }, {
      "name" : "amazonEMRConfig.provisionNewCluster",
      "value" : false
    }, {
      "name" : "amazonEMRConfig.clusterId",
      "value" : null
    }, {
      "name" : "amazonEMRConfig.clusterPrefix",
      "value" : null
    }, {
      "name" : "amazonEMRConfig.terminateCluster",
      "value" : false
    }, {
      "name" : "amazonEMRConfig.loggingEnabled",
      "value" : true
    }, {
      "name" : "amazonEMRConfig.s3LogUri",
      "value" : null
    }, {
      "name" : "amazonEMRConfig.enableEMRDebugging",
      "value" : true
    }, {
      "name" : "amazonEMRConfig.serviceRole",
      "value" : "EMR_DefaultRole"
    }, {
      "name" : "amazonEMRConfig.jobFlowRole",
      "value" : "EMR_EC2_DefaultRole"
    }, {
      "name" : "amazonEMRConfig.visibleToAllUsers",
      "value" : true
    }, {
      "name" : "amazonEMRConfig.ec2SubnetId",
      "value" : null
    }, {
      "name" : "amazonEMRConfig.masterSecurityGroup",
      "value" : null
    }, {
      "name" : "amazonEMRConfig.slaveSecurityGroup",
      "value" : null
    }, {
      "name" : "amazonEMRConfig.instanceCount",
      "value" : 2
    }, {
      "name" : "amazonEMRConfig.masterInstanceType",
      "value" : null
    }, {
      "name" : "amazonEMRConfig.masterInstanceTypeCustom",
      "value" : null
    }, {
      "name" : "amazonEMRConfig.slaveInstanceType",
      "value" : null
    }, {
      "name" : "amazonEMRConfig.slaveInstanceTypeCustom",
      "value" : null
    }, {
      "name" : "transformerEMRConfig.userRegion",
      "value" : null
    }, {
      "name" : "transformerEMRConfig.userRegionCustom",
      "value" : null
    }, {
      "name" : "transformerEMRConfig.useIAMRoles",
      "value" : false
    }, {
      "name" : "transformerEMRConfig.accessKey",
      "value" : ""
    }, {
      "name" : "transformerEMRConfig.secretKey",
      "value" : ""
    }, {
      "name" : "transformerEMRConfig.s3StagingUri",
      "value" : null
    }, {
      "name" : "transformerEMRConfig.provisionNewCluster",
      "value" : false
    }, {
      "name" : "transformerEMRConfig.clusterId",
      "value" : null
    }, {
      "name" : "transformerEMRConfig.emrVersion",
      "value" : null
    }, {
      "name" : "transformerEMRConfig.clusterPrefix",
      "value" : null
    }, {
      "name" : "transformerEMRConfig.terminateCluster",
      "value" : false
    }, {
      "name" : "transformerEMRConfig.loggingEnabled",
      "value" : true
    }, {
      "name" : "transformerEMRConfig.s3LogUri",
      "value" : null
    }, {
      "name" : "transformerEMRConfig.serviceRole",
      "value" : "EMR_DefaultRole"
    }, {
      "name" : "transformerEMRConfig.jobFlowRole",
      "value" : "EMR_EC2_DefaultRole"
    }, {
      "name" : "transformerEMRConfig.visibleToAllUsers",
      "value" : true
    }, {
      "name" : "transformerEMRConfig.ec2SubnetId",
      "value" : null
    }, {
      "name" : "transformerEMRConfig.masterSecurityGroup",
      "value" : null
    }, {
      "name" : "transformerEMRConfig.slaveSecurityGroup",
      "value" : null
    }, {
      "name" : "transformerEMRConfig.instanceCount",
      "value" : 2
    }, {
      "name" : "transformerEMRConfig.masterInstanceType",
      "value" : null
    }, {
      "name" : "transformerEMRConfig.masterInstanceTypeCustom",
      "value" : null
    }, {
      "name" : "transformerEMRConfig.slaveInstanceType",
      "value" : null
    }, {
      "name" : "transformerEMRConfig.slaveInstanceTypeCustom",
      "value" : null
    } ],
    "uiInfo" : {
      "previewConfig" : {
        "previewSource" : "CONFIGURED_SOURCE",
        "batchSize" : "5",
        "timeout" : 30000,
        "writeToDestinations" : true,
        "executeLifecycleEvents" : false,
        "showHeader" : true,
        "showFieldType" : true,
        "rememberMe" : true
      }
    },
    "fragments" : [ ],
    "stages" : [ {
      "instanceName" : "HTTPClient_01",
      "library" : "streamsets-datacollector-basic-lib",
      "stageName" : "com_streamsets_pipeline_stage_origin_http_HttpClientDSource",
      "stageVersion" : "15",
      "configuration" : [ {
        "name" : "conf.basic.maxBatchSize",
        "value" : 1000
      }, {
        "name" : "conf.basic.maxWaitTime",
        "value" : 2000
      }, {
        "name" : "conf.dataFormatConfig.compression",
        "value" : "NONE"
      }, {
        "name" : "conf.dataFormatConfig.filePatternInArchive",
        "value" : "*"
      }, {
        "name" : "conf.dataFormatConfig.charset",
        "value" : "UTF-8"
      }, {
        "name" : "conf.dataFormatConfig.removeCtrlChars",
        "value" : false
      }, {
        "name" : "conf.dataFormatConfig.textMaxLineLen",
        "value" : 65536
      }, {
        "name" : "conf.dataFormatConfig.useCustomDelimiter",
        "value" : false
      }, {
        "name" : "conf.dataFormatConfig.customDelimiter",
        "value" : "\\r\\n"
      }, {
        "name" : "conf.dataFormatConfig.includeCustomDelimiterInTheText",
        "value" : false
      }, {
        "name" : "conf.dataFormatConfig.jsonContent",
        "value" : "MULTIPLE_OBJECTS"
      }, {
        "name" : "conf.dataFormatConfig.jsonMaxObjectLen",
        "value" : 65535
      }, {
        "name" : "conf.dataFormatConfig.csvFileFormat",
        "value" : "CSV"
      }, {
        "name" : "conf.dataFormatConfig.csvHeader",
        "value" : "NO_HEADER"
      }, {
        "name" : "conf.dataFormatConfig.csvAllowExtraColumns",
        "value" : false
      }, {
        "name" : "conf.dataFormatConfig.csvExtraColumnPrefix",
        "value" : "_extra_"
      }, {
        "name" : "conf.dataFormatConfig.csvMaxObjectLen",
        "value" : 1024
      }, {
        "name" : "conf.dataFormatConfig.csvCustomDelimiter",
        "value" : "|"
      }, {
        "name" : "conf.dataFormatConfig.multiCharacterFieldDelimiter",
        "value" : "||"
      }, {
        "name" : "conf.dataFormatConfig.multiCharacterLineDelimiter",
        "value" : "${str:unescapeJava('\\\\n')}"
      }, {
        "name" : "conf.dataFormatConfig.csvCustomEscape",
        "value" : "\\"
      }, {
        "name" : "conf.dataFormatConfig.csvCustomQuote",
        "value" : "\""
      }, {
        "name" : "conf.dataFormatConfig.csvEnableComments",
        "value" : false
      }, {
        "name" : "conf.dataFormatConfig.csvCommentMarker",
        "value" : "#"
      }, {
        "name" : "conf.dataFormatConfig.csvIgnoreEmptyLines",
        "value" : true
      }, {
        "name" : "conf.dataFormatConfig.csvRecordType",
        "value" : "LIST_MAP"
      }, {
        "name" : "conf.dataFormatConfig.csvSkipStartLines",
        "value" : 0
      }, {
        "name" : "conf.dataFormatConfig.parseNull",
        "value" : false
      }, {
        "name" : "conf.dataFormatConfig.nullConstant",
        "value" : "\\\\N"
      }, {
        "name" : "conf.dataFormatConfig.xmlRecordElement",
        "value" : null
      }, {
        "name" : "conf.dataFormatConfig.preserveRootElement",
        "value" : true
      }, {
        "name" : "conf.dataFormatConfig.includeFieldXpathAttributes",
        "value" : false
      }, {
        "name" : "conf.dataFormatConfig.xPathNamespaceContext",
        "value" : [ ]
      }, {
        "name" : "conf.dataFormatConfig.outputFieldAttributes",
        "value" : false
      }, {
        "name" : "conf.dataFormatConfig.xmlMaxObjectLen",
        "value" : 4096
      }, {
        "name" : "conf.dataFormatConfig.logMode",
        "value" : "COMMON_LOG_FORMAT"
      }, {
        "name" : "conf.dataFormatConfig.logMaxObjectLen",
        "value" : 1024
      }, {
        "name" : "conf.dataFormatConfig.retainOriginalLine",
        "value" : false
      }, {
        "name" : "conf.dataFormatConfig.customLogFormat",
        "value" : "%h %l %u %t \"%r\" %>s %b"
      }, {
        "name" : "conf.dataFormatConfig.regex",
        "value" : "^(\\S+) (\\S+) (\\S+) \\[([\\w:/]+\\s[+\\-]\\d{4})\\] \"(\\S+) (\\S+) (\\S+)\" (\\d{3}) (\\d+)"
      }, {
        "name" : "conf.dataFormatConfig.fieldPathsToGroupName",
        "value" : [ {
          "fieldPath" : "/",
          "group" : 1
        } ]
      }, {
        "name" : "conf.dataFormatConfig.grokPatternDefinition",
        "value" : null
      }, {
        "name" : "conf.dataFormatConfig.grokPattern",
        "value" : "%{COMMONAPACHELOG}"
      }, {
        "name" : "conf.dataFormatConfig.onParseError",
        "value" : "ERROR"
      }, {
        "name" : "conf.dataFormatConfig.maxStackTraceLines",
        "value" : 50
      }, {
        "name" : "conf.dataFormatConfig.enableLog4jCustomLogFormat",
        "value" : false
      }, {
        "name" : "conf.dataFormatConfig.log4jCustomLogFormat",
        "value" : "%r [%t] %-5p %c %x - %m%n"
      }, {
        "name" : "conf.dataFormatConfig.avroSchemaSource",
        "value" : "SOURCE"
      }, {
        "name" : "conf.dataFormatConfig.avroSchema",
        "value" : null
      }, {
        "name" : "conf.dataFormatConfig.schemaRegistryUrls",
        "value" : [ ]
      }, {
        "name" : "conf.dataFormatConfig.basicAuth",
        "value" : ""
      }, {
        "name" : "conf.dataFormatConfig.schemaLookupMode",
        "value" : "SUBJECT"
      }, {
        "name" : "conf.dataFormatConfig.subject",
        "value" : null
      }, {
        "name" : "conf.dataFormatConfig.schemaId",
        "value" : null
      }, {
        "name" : "conf.dataFormatConfig.avroSkipUnionIndex",
        "value" : false
      }, {
        "name" : "conf.dataFormatConfig.protoDescriptorFile",
        "value" : null
      }, {
        "name" : "conf.dataFormatConfig.messageType",
        "value" : null
      }, {
        "name" : "conf.dataFormatConfig.isDelimited",
        "value" : true
      }, {
        "name" : "conf.dataFormatConfig.binaryMaxObjectLen",
        "value" : 65535
      }, {
        "name" : "conf.dataFormatConfig.datagramMode",
        "value" : "SYSLOG"
      }, {
        "name" : "conf.dataFormatConfig.typesDbPath",
        "value" : null
      }, {
        "name" : "conf.dataFormatConfig.convertTime",
        "value" : false
      }, {
        "name" : "conf.dataFormatConfig.excludeInterval",
        "value" : true
      }, {
        "name" : "conf.dataFormatConfig.authFilePath",
        "value" : null
      }, {
        "name" : "conf.dataFormatConfig.netflowOutputValuesMode",
        "value" : "RAW_AND_INTERPRETED"
      }, {
        "name" : "conf.dataFormatConfig.maxTemplateCacheSize",
        "value" : -1
      }, {
        "name" : "conf.dataFormatConfig.templateCacheTimeoutMs",
        "value" : -1
      }, {
        "name" : "conf.dataFormatConfig.netflowOutputValuesModeDatagram",
        "value" : "RAW_AND_INTERPRETED"
      }, {
        "name" : "conf.dataFormatConfig.maxTemplateCacheSizeDatagram",
        "value" : -1
      }, {
        "name" : "conf.dataFormatConfig.templateCacheTimeoutMsDatagram",
        "value" : -1
      }, {
        "name" : "conf.dataFormatConfig.wholeFileMaxObjectLen",
        "value" : 8192
      }, {
        "name" : "conf.dataFormatConfig.rateLimit",
        "value" : "-1"
      }, {
        "name" : "conf.dataFormatConfig.verifyChecksum",
        "value" : false
      }, {
        "name" : "conf.dataFormatConfig.excelHeader",
        "value" : null
      }, {
        "name" : "conf.dataFormatConfig.excelSkipCellsWithNoHeader",
        "value" : false
      }, {
        "name" : "conf.dataFormatConfig.excelReadAllSheets",
        "value" : true
      }, {
        "name" : "conf.dataFormatConfig.excelSheetNames",
        "value" : [ ]
      }, {
        "name" : "conf.resourceUrl",
        "value" : "https://api.openweathermap.org/data/2.5/find?lat=46.4859841&lon=30.7249136&cnt=50&appid=d12dd3e0376f206595b3a0660911c2dc"
      }, {
        "name" : "conf.headers",
        "value" : [ ]
      }, {
        "name" : "conf.httpMethod",
        "value" : "GET"
      }, {
        "name" : "conf.timeZoneID",
        "value" : "Europe/Kiev"
      }, {
        "name" : "conf.requestBody",
        "value" : null
      }, {
        "name" : "conf.defaultRequestContentType",
        "value" : "application/json"
      }, {
        "name" : "conf.client.transferEncoding",
        "value" : "BUFFERED"
      }, {
        "name" : "conf.client.httpCompression",
        "value" : "NONE"
      }, {
        "name" : "conf.client.connectTimeoutMillis",
        "value" : 0
      }, {
        "name" : "conf.client.readTimeoutMillis",
        "value" : 0
      }, {
        "name" : "conf.client.authType",
        "value" : "NONE"
      }, {
        "name" : "conf.client.useOAuth2",
        "value" : false
      }, {
        "name" : "conf.client.oauth.consumerKey",
        "value" : ""
      }, {
        "name" : "conf.client.oauth.consumerSecret",
        "value" : ""
      }, {
        "name" : "conf.client.oauth.token",
        "value" : ""
      }, {
        "name" : "conf.client.oauth.tokenSecret",
        "value" : ""
      }, {
        "name" : "conf.client.oauth2.credentialsGrantType",
        "value" : null
      }, {
        "name" : "conf.client.oauth2.tokenUrl",
        "value" : null
      }, {
        "name" : "conf.client.oauth2.clientId",
        "value" : ""
      }, {
        "name" : "conf.client.oauth2.clientSecret",
        "value" : ""
      }, {
        "name" : "conf.client.oauth2.username",
        "value" : ""
      }, {
        "name" : "conf.client.oauth2.password",
        "value" : ""
      }, {
        "name" : "conf.client.oauth2.resourceOwnerClientId",
        "value" : ""
      }, {
        "name" : "conf.client.oauth2.resourceOwnerClientSecret",
        "value" : ""
      }, {
        "name" : "conf.client.oauth2.algorithm",
        "value" : "NONE"
      }, {
        "name" : "conf.client.oauth2.key",
        "value" : ""
      }, {
        "name" : "conf.client.oauth2.jwtClaims",
        "value" : null
      }, {
        "name" : "conf.client.oauth2.transferEncoding",
        "value" : "BUFFERED"
      }, {
        "name" : "conf.client.oauth2.additionalValues",
        "value" : [ { } ]
      }, {
        "name" : "conf.client.basicAuth.username",
        "value" : ""
      }, {
        "name" : "conf.client.basicAuth.password",
        "value" : ""
      }, {
        "name" : "conf.client.useProxy",
        "value" : false
      }, {
        "name" : "conf.client.proxy.uri",
        "value" : null
      }, {
        "name" : "conf.client.proxy.username",
        "value" : ""
      }, {
        "name" : "conf.client.proxy.password",
        "value" : ""
      }, {
        "name" : "conf.client.tlsConfig.tlsEnabled",
        "value" : false
      }, {
        "name" : "conf.client.tlsConfig.keyStoreFilePath",
        "value" : null
      }, {
        "name" : "conf.client.tlsConfig.keyStoreType",
        "value" : "JKS"
      }, {
        "name" : "conf.client.tlsConfig.keyStorePassword",
        "value" : ""
      }, {
        "name" : "conf.client.tlsConfig.keyStoreAlgorithm",
        "value" : "SunX509"
      }, {
        "name" : "conf.client.tlsConfig.trustStoreFilePath",
        "value" : null
      }, {
        "name" : "conf.client.tlsConfig.trustStoreType",
        "value" : "JKS"
      }, {
        "name" : "conf.client.tlsConfig.trustStorePassword",
        "value" : ""
      }, {
        "name" : "conf.client.tlsConfig.trustStoreAlgorithm",
        "value" : "SunX509"
      }, {
        "name" : "conf.client.tlsConfig.useDefaultProtocols",
        "value" : true
      }, {
        "name" : "conf.client.tlsConfig.protocols",
        "value" : [ ]
      }, {
        "name" : "conf.client.tlsConfig.useDefaultCiperSuites",
        "value" : true
      }, {
        "name" : "conf.client.tlsConfig.cipherSuites",
        "value" : [ ]
      }, {
        "name" : "conf.client.requestLoggingConfig.enableRequestLogging",
        "value" : false
      }, {
        "name" : "conf.client.requestLoggingConfig.logLevel",
        "value" : "FINE"
      }, {
        "name" : "conf.client.requestLoggingConfig.verbosity",
        "value" : "HEADERS_ONLY"
      }, {
        "name" : "conf.client.requestLoggingConfig.maxEntitySize",
        "value" : 0
      }, {
        "name" : "conf.httpMode",
        "value" : "POLLING"
      }, {
        "name" : "conf.pollingInterval",
        "value" : 2000
      }, {
        "name" : "conf.dataFormat",
        "value" : "TEXT"
      }, {
        "name" : "conf.responseStatusActionConfigs",
        "value" : [ {
          "statusCode" : 500,
          "action" : "RETRY_EXPONENTIAL_BACKOFF",
          "backoffInterval" : 1000,
          "maxNumRetries" : 3
        } ]
      }, {
        "name" : "conf.responseTimeoutActionConfig.action",
        "value" : "RETRY_IMMEDIATELY"
      }, {
        "name" : "conf.responseTimeoutActionConfig.backoffInterval",
        "value" : 1000
      }, {
        "name" : "conf.responseTimeoutActionConfig.maxNumRetries",
        "value" : 10
      }, {
        "name" : "conf.pagination.mode",
        "value" : "NONE"
      }, {
        "name" : "conf.pagination.nextPageURLPrefix",
        "value" : null
      }, {
        "name" : "conf.pagination.nextPageFieldPath",
        "value" : null
      }, {
        "name" : "conf.pagination.stopCondition",
        "value" : null
      }, {
        "name" : "conf.pagination.startAt",
        "value" : null
      }, {
        "name" : "conf.pagination.resultFieldPath",
        "value" : null
      }, {
        "name" : "conf.pagination.keepAllFields",
        "value" : false
      }, {
        "name" : "conf.pagination.rateLimit",
        "value" : 2000
      }, {
        "name" : "stageOnRecordError",
        "value" : "TO_ERROR"
      } ],
      "uiInfo" : {
        "yPos" : 50,
        "stageType" : "SOURCE",
        "icon" : "httpclient.png",
        "description" : "Extracts weather through rest api",
        "label" : "Source Extractor",
        "xPos" : 60
      },
      "inputLanes" : [ ],
      "outputLanes" : [ "HTTPClient_01OutputLane15852562706180" ],
      "eventLanes" : [ ],
      "services" : [ ]
    }, {
      "instanceName" : "Spark_01",
      "library" : "streamsets-datacollector-cdh_5_7-lib",
      "stageName" : "com_streamsets_datacollector_pipeline_executor_spark_SparkDExecutor",
      "stageVersion" : "2",
      "configuration" : [ {
        "name" : "conf.yarnConfigBean.deployMode",
        "value" : "CLUSTER"
      }, {
        "name" : "conf.yarnConfigBean.driverMemory",
        "value" : null
      }, {
        "name" : "conf.yarnConfigBean.executorMemory",
        "value" : null
      }, {
        "name" : "conf.yarnConfigBean.dynamicAllocation",
        "value" : true
      }, {
        "name" : "conf.yarnConfigBean.minExecutors",
        "value" : 0
      }, {
        "name" : "conf.yarnConfigBean.maxExecutors",
        "value" : 0
      }, {
        "name" : "conf.yarnConfigBean.numExecutors",
        "value" : null
      }, {
        "name" : "conf.yarnConfigBean.proxyUser",
        "value" : null
      }, {
        "name" : "conf.yarnConfigBean.noValueArgs",
        "value" : [ ]
      }, {
        "name" : "conf.yarnConfigBean.args",
        "value" : [ ]
      }, {
        "name" : "conf.yarnConfigBean.env",
        "value" : [ ]
      }, {
        "name" : "conf.yarnConfigBean.language",
        "value" : "JVM"
      }, {
        "name" : "conf.yarnConfigBean.appName",
        "value" : null
      }, {
        "name" : "conf.yarnConfigBean.appResource",
        "value" : null
      }, {
        "name" : "conf.yarnConfigBean.mainClass",
        "value" : null
      }, {
        "name" : "conf.yarnConfigBean.appArgs",
        "value" : [ ]
      }, {
        "name" : "conf.yarnConfigBean.additionalJars",
        "value" : [ ]
      }, {
        "name" : "conf.yarnConfigBean.pyFiles",
        "value" : [ ]
      }, {
        "name" : "conf.yarnConfigBean.additionalFiles",
        "value" : [ ]
      }, {
        "name" : "conf.yarnConfigBean.waitTimeout",
        "value" : 0
      }, {
        "name" : "conf.yarnConfigBean.verbose",
        "value" : false
      }, {
        "name" : "conf.credentialsConfigBean.principal",
        "value" : null
      }, {
        "name" : "conf.credentialsConfigBean.keytab",
        "value" : null
      }, {
        "name" : "conf.sparkHome",
        "value" : null
      }, {
        "name" : "conf.javaHome",
        "value" : null
      }, {
        "name" : "stageOnRecordError",
        "value" : "TO_ERROR"
      }, {
        "name" : "stageRequiredFields",
        "value" : [ ]
      }, {
        "name" : "stageRecordPreconditions",
        "value" : [ ]
      } ],
      "uiInfo" : {
        "yPos" : 82,
        "stageType" : "EXECUTOR",
        "icon" : "spark-logo-hd.png",
        "description" : "",
        "label" : "Spark 1",
        "xPos" : 568
      },
      "inputLanes" : [ ],
      "outputLanes" : [ ],
      "eventLanes" : [ ],
      "services" : [ ]
    } ],
    "errorStage" : {
      "instanceName" : "WritetoFile_ErrorStage",
      "library" : "streamsets-datacollector-basic-lib",
      "stageName" : "com_streamsets_pipeline_stage_destination_recordstolocalfilesystem_ToErrorLocalFSDTarget",
      "stageVersion" : "1",
      "configuration" : [ {
        "name" : "directory",
        "value" : "/data/out"
      }, {
        "name" : "uniquePrefix",
        "value" : "sdc-${sdc:id()}"
      }, {
        "name" : "rotationIntervalSecs",
        "value" : "${1 * HOURS}"
      }, {
        "name" : "maxFileSizeMbs",
        "value" : 512
      } ],
      "uiInfo" : {
        "yPos" : 50,
        "stageType" : "TARGET",
        "icon" : "",
        "description" : "",
        "label" : "Error Records - Write to File",
        "xPos" : 500
      },
      "inputLanes" : [ ],
      "outputLanes" : [ ],
      "eventLanes" : [ ],
      "services" : [ ]
    },
    "info" : {
      "pipelineId" : "BronzeLayebbf08009-8d4f-4e3f-8fa4-bade78477a93",
      "title" : "BronzeLayerStream",
      "description" : "",
      "created" : 1586033463655,
      "lastModified" : 1586363225459,
      "creator" : "admin",
      "lastModifier" : "admin",
      "lastRev" : "0",
      "uuid" : "35880661-edd4-4007-805f-44d00379268a",
      "valid" : false,
      "metadata" : {
        "labels" : [ ]
      },
      "name" : "BronzeLayebbf08009-8d4f-4e3f-8fa4-bade78477a93",
      "sdcVersion" : "3.14.0",
      "sdcId" : "73c64506-6fa2-11ea-80c6-d162cc9dd014"
    },
    "metadata" : {
      "labels" : [ ]
    },
    "statsAggregatorStage" : {
      "instanceName" : "statsAggregatorStageInstance",
      "library" : "streamsets-datacollector-basic-lib",
      "stageName" : "com_streamsets_pipeline_stage_destination_devnull_StatsDpmDirectlyDTarget",
      "stageVersion" : "1",
      "configuration" : [ ],
      "uiInfo" : {
        "stageType" : "TARGET",
        "label" : "Stats Aggregator -Write Directly to Control Hub - statistics are not aggregated across Data Collectors"
      },
      "inputLanes" : [ ],
      "outputLanes" : [ ],
      "eventLanes" : [ ],
      "services" : [ ]
    },
    "startEventStages" : [ {
      "instanceName" : "Discard_StartEventStage",
      "library" : "streamsets-datacollector-basic-lib",
      "stageName" : "com_streamsets_pipeline_stage_destination_devnull_ToErrorNullDTarget",
      "stageVersion" : "1",
      "configuration" : [ ],
      "uiInfo" : {
        "yPos" : 50,
        "stageType" : "TARGET",
        "icon" : "",
        "description" : "",
        "label" : "Start Event - Discard",
        "xPos" : 280
      },
      "inputLanes" : [ ],
      "outputLanes" : [ ],
      "eventLanes" : [ ],
      "services" : [ ]
    } ],
    "stopEventStages" : [ {
      "instanceName" : "Discard_StopEventStage",
      "library" : "streamsets-datacollector-basic-lib",
      "stageName" : "com_streamsets_pipeline_stage_destination_devnull_ToErrorNullDTarget",
      "stageVersion" : "1",
      "configuration" : [ ],
      "uiInfo" : {
        "yPos" : 50,
        "stageType" : "TARGET",
        "icon" : "",
        "description" : "",
        "label" : "Stop Event - Discard",
        "xPos" : 280
      },
      "inputLanes" : [ ],
      "outputLanes" : [ ],
      "eventLanes" : [ ],
      "services" : [ ]
    } ],
    "testOriginStage" : {
      "instanceName" : "com_streamsets_pipeline_stage_devtest_rawdata_RawDataDSource_TestOriginStage",
      "library" : "streamsets-datacollector-dev-lib",
      "stageName" : "com_streamsets_pipeline_stage_devtest_rawdata_RawDataDSource",
      "stageVersion" : "3",
      "configuration" : [ {
        "name" : "rawData",
        "value" : "{\n  \"f1\": \"abc\",\n  \"f2\": \"xyz\",\n  \"f3\": \"lmn\"\n}"
      }, {
        "name" : "stopAfterFirstBatch",
        "value" : false
      }, {
        "name" : "eventData",
        "value" : null
      }, {
        "name" : "stageOnRecordError",
        "value" : "TO_ERROR"
      } ],
      "uiInfo" : {
        "stageType" : "SOURCE",
        "label" : "Test Origin - Dev Raw Data Source"
      },
      "inputLanes" : [ ],
      "outputLanes" : [ "com_streamsets_pipeline_stage_devtest_rawdata_RawDataDSource_TestOriginStageOutputLane1" ],
      "eventLanes" : [ ],
      "services" : [ {
        "service" : "com.streamsets.pipeline.api.service.dataformats.DataFormatParserService",
        "serviceVersion" : 2,
        "configuration" : [ {
          "name" : "displayFormats",
          "value" : "DELIMITED,JSON,LOG,SDC_JSON,TEXT,XML"
        }, {
          "name" : "dataFormat",
          "value" : "JSON"
        }, {
          "name" : "dataFormatConfig.compression",
          "value" : "NONE"
        }, {
          "name" : "dataFormatConfig.filePatternInArchive",
          "value" : "*"
        }, {
          "name" : "dataFormatConfig.charset",
          "value" : "UTF-8"
        }, {
          "name" : "dataFormatConfig.removeCtrlChars",
          "value" : false
        }, {
          "name" : "dataFormatConfig.textMaxLineLen",
          "value" : 1024
        }, {
          "name" : "dataFormatConfig.useCustomDelimiter",
          "value" : false
        }, {
          "name" : "dataFormatConfig.customDelimiter",
          "value" : "\\r\\n"
        }, {
          "name" : "dataFormatConfig.includeCustomDelimiterInTheText",
          "value" : false
        }, {
          "name" : "dataFormatConfig.jsonContent",
          "value" : "MULTIPLE_OBJECTS"
        }, {
          "name" : "dataFormatConfig.jsonMaxObjectLen",
          "value" : 4096
        }, {
          "name" : "dataFormatConfig.csvFileFormat",
          "value" : "CSV"
        }, {
          "name" : "dataFormatConfig.csvHeader",
          "value" : "NO_HEADER"
        }, {
          "name" : "dataFormatConfig.csvAllowExtraColumns",
          "value" : false
        }, {
          "name" : "dataFormatConfig.csvExtraColumnPrefix",
          "value" : "_extra_"
        }, {
          "name" : "dataFormatConfig.csvMaxObjectLen",
          "value" : 1024
        }, {
          "name" : "dataFormatConfig.csvCustomDelimiter",
          "value" : "|"
        }, {
          "name" : "dataFormatConfig.multiCharacterFieldDelimiter",
          "value" : "||"
        }, {
          "name" : "dataFormatConfig.multiCharacterLineDelimiter",
          "value" : "${str:unescapeJava('\\\\n')}"
        }, {
          "name" : "dataFormatConfig.csvCustomEscape",
          "value" : "\\"
        }, {
          "name" : "dataFormatConfig.csvCustomQuote",
          "value" : "\""
        }, {
          "name" : "dataFormatConfig.csvEnableComments",
          "value" : false
        }, {
          "name" : "dataFormatConfig.csvCommentMarker",
          "value" : "#"
        }, {
          "name" : "dataFormatConfig.csvIgnoreEmptyLines",
          "value" : false
        }, {
          "name" : "dataFormatConfig.csvRecordType",
          "value" : "LIST_MAP"
        }, {
          "name" : "dataFormatConfig.csvSkipStartLines",
          "value" : 0
        }, {
          "name" : "dataFormatConfig.parseNull",
          "value" : false
        }, {
          "name" : "dataFormatConfig.nullConstant",
          "value" : "\\\\N"
        }, {
          "name" : "dataFormatConfig.xmlRecordElement",
          "value" : null
        }, {
          "name" : "dataFormatConfig.preserveRootElement",
          "value" : false
        }, {
          "name" : "dataFormatConfig.includeFieldXpathAttributes",
          "value" : false
        }, {
          "name" : "dataFormatConfig.xPathNamespaceContext",
          "value" : [ ]
        }, {
          "name" : "dataFormatConfig.outputFieldAttributes",
          "value" : false
        }, {
          "name" : "dataFormatConfig.xmlMaxObjectLen",
          "value" : 4096
        }, {
          "name" : "dataFormatConfig.logMode",
          "value" : "COMMON_LOG_FORMAT"
        }, {
          "name" : "dataFormatConfig.logMaxObjectLen",
          "value" : 1024
        }, {
          "name" : "dataFormatConfig.retainOriginalLine",
          "value" : false
        }, {
          "name" : "dataFormatConfig.customLogFormat",
          "value" : "%h %l %u %t \"%r\" %>s %b"
        }, {
          "name" : "dataFormatConfig.regex",
          "value" : "^(\\S+) (\\S+) (\\S+) \\[([\\w:/]+\\s[+\\-]\\d{4})\\] \"(\\S+) (\\S+) (\\S+)\" (\\d{3}) (\\d+)"
        }, {
          "name" : "dataFormatConfig.fieldPathsToGroupName",
          "value" : [ {
            "fieldPath" : "/",
            "group" : 1
          } ]
        }, {
          "name" : "dataFormatConfig.grokPatternDefinition",
          "value" : null
        }, {
          "name" : "dataFormatConfig.grokPattern",
          "value" : "%{COMMONAPACHELOG}"
        }, {
          "name" : "dataFormatConfig.onParseError",
          "value" : "ERROR"
        }, {
          "name" : "dataFormatConfig.maxStackTraceLines",
          "value" : 50
        }, {
          "name" : "dataFormatConfig.enableLog4jCustomLogFormat",
          "value" : false
        }, {
          "name" : "dataFormatConfig.log4jCustomLogFormat",
          "value" : "%r [%t] %-5p %c %x - %m%n"
        }, {
          "name" : "dataFormatConfig.avroSchemaSource",
          "value" : null
        }, {
          "name" : "dataFormatConfig.avroSchema",
          "value" : null
        }, {
          "name" : "dataFormatConfig.schemaRegistryUrls",
          "value" : [ ]
        }, {
          "name" : "dataFormatConfig.basicAuth",
          "value" : ""
        }, {
          "name" : "dataFormatConfig.schemaLookupMode",
          "value" : "SUBJECT"
        }, {
          "name" : "dataFormatConfig.subject",
          "value" : null
        }, {
          "name" : "dataFormatConfig.schemaId",
          "value" : null
        }, {
          "name" : "dataFormatConfig.avroSkipUnionIndex",
          "value" : false
        }, {
          "name" : "dataFormatConfig.protoDescriptorFile",
          "value" : null
        }, {
          "name" : "dataFormatConfig.messageType",
          "value" : null
        }, {
          "name" : "dataFormatConfig.isDelimited",
          "value" : false
        }, {
          "name" : "dataFormatConfig.binaryMaxObjectLen",
          "value" : 1024
        }, {
          "name" : "dataFormatConfig.datagramMode",
          "value" : "SYSLOG"
        }, {
          "name" : "dataFormatConfig.typesDbPath",
          "value" : null
        }, {
          "name" : "dataFormatConfig.convertTime",
          "value" : false
        }, {
          "name" : "dataFormatConfig.excludeInterval",
          "value" : false
        }, {
          "name" : "dataFormatConfig.authFilePath",
          "value" : null
        }, {
          "name" : "dataFormatConfig.netflowOutputValuesMode",
          "value" : "RAW_AND_INTERPRETED"
        }, {
          "name" : "dataFormatConfig.maxTemplateCacheSize",
          "value" : -1
        }, {
          "name" : "dataFormatConfig.templateCacheTimeoutMs",
          "value" : -1
        }, {
          "name" : "dataFormatConfig.netflowOutputValuesModeDatagram",
          "value" : "RAW_AND_INTERPRETED"
        }, {
          "name" : "dataFormatConfig.maxTemplateCacheSizeDatagram",
          "value" : -1
        }, {
          "name" : "dataFormatConfig.templateCacheTimeoutMsDatagram",
          "value" : -1
        }, {
          "name" : "dataFormatConfig.wholeFileMaxObjectLen",
          "value" : 8192
        }, {
          "name" : "dataFormatConfig.rateLimit",
          "value" : "-1"
        }, {
          "name" : "dataFormatConfig.verifyChecksum",
          "value" : false
        }, {
          "name" : "dataFormatConfig.excelHeader",
          "value" : null
        }, {
          "name" : "dataFormatConfig.excelSkipCellsWithNoHeader",
          "value" : false
        }, {
          "name" : "dataFormatConfig.excelReadAllSheets",
          "value" : false
        }, {
          "name" : "dataFormatConfig.excelSheetNames",
          "value" : [ ]
        } ]
      } ]
    },
    "valid" : true,
    "issues" : {
      "pipelineIssues" : [ ],
      "stageIssues" : { },
      "issueCount" : 0
    },
    "previewable" : false
  },
  "pipelineRules" : {
    "schemaVersion" : 3,
    "version" : 2,
    "metricsRuleDefinitions" : [ {
      "id" : "badRecordsAlertID",
      "alertText" : "High incidence of Error Records",
      "metricId" : "pipeline.batchErrorRecords.counter",
      "metricType" : "COUNTER",
      "metricElement" : "COUNTER_COUNT",
      "condition" : "${value() > 100}",
      "sendEmail" : false,
      "enabled" : false,
      "timestamp" : 1585255456870,
      "valid" : true
    }, {
      "id" : "stageErrorAlertID",
      "alertText" : "High incidence of Stage Errors",
      "metricId" : "pipeline.batchErrorMessages.counter",
      "metricType" : "COUNTER",
      "metricElement" : "COUNTER_COUNT",
      "condition" : "${value() > 100}",
      "sendEmail" : false,
      "enabled" : false,
      "timestamp" : 1585255456870,
      "valid" : true
    }, {
      "id" : "idleGaugeID",
      "alertText" : "Pipeline is Idle",
      "metricId" : "RuntimeStatsGauge.gauge",
      "metricType" : "GAUGE",
      "metricElement" : "TIME_OF_LAST_RECEIVED_RECORD",
      "condition" : "${time:now() - value() > 120000}",
      "sendEmail" : false,
      "enabled" : false,
      "timestamp" : 1585255456870,
      "valid" : true
    }, {
      "id" : "batchTimeAlertID",
      "alertText" : "Batch taking more time to process",
      "metricId" : "RuntimeStatsGauge.gauge",
      "metricType" : "GAUGE",
      "metricElement" : "CURRENT_BATCH_AGE",
      "condition" : "${value() > 200}",
      "sendEmail" : false,
      "enabled" : false,
      "timestamp" : 1585255456870,
      "valid" : true
    } ],
    "dataRuleDefinitions" : [ ],
    "driftRuleDefinitions" : [ ],
    "uuid" : "76222bee-e919-4185-9954-d27c87ce7f99",
    "configuration" : [ {
      "name" : "emailIDs",
      "value" : [ ]
    }, {
      "name" : "webhookConfigs",
      "value" : [ ]
    } ],
    "ruleIssues" : null,
    "configIssues" : null
  },
  "libraryDefinitions" : null
}