{
  "pipelineConfig" : {
    "schemaVersion" : 6,
    "version" : 17,
    "pipelineId" : "BronzeLaye487379fc-eab3-4ca4-bec2-52c57421a5ba",
    "title" : "BronzeLayerStream2HDFS",
    "description" : "",
    "uuid" : "d31e9c0c-4e13-4ba0-8d81-28d7584dd95e",
    "configuration" : [ {
      "name" : "executionMode",
      "value" : "STANDALONE"
    }, {
      "name" : "edgeHttpUrl",
      "value" : "http://localhost:18633"
    }, {
      "name" : "deliveryGuarantee",
      "value" : "AT_LEAST_ONCE"
    }, {
      "name" : "testOriginStage",
      "value" : "streamsets-datacollector-dev-lib::com_streamsets_pipeline_stage_devtest_rawdata_RawDataDSource::3"
    }, {
      "name" : "startEventStage",
      "value" : "streamsets-datacollector-basic-lib::com_streamsets_pipeline_stage_destination_devnull_ToErrorNullDTarget::1"
    }, {
      "name" : "stopEventStage",
      "value" : "streamsets-datacollector-basic-lib::com_streamsets_pipeline_stage_destination_devnull_ToErrorNullDTarget::1"
    }, {
      "name" : "shouldRetry",
      "value" : true
    }, {
      "name" : "triggerInterval",
      "value" : 2000
    }, {
      "name" : "retryAttempts",
      "value" : 3
    }, {
      "name" : "ludicrousMode",
      "value" : false
    }, {
      "name" : "ludicrousModeInputCount",
      "value" : false
    }, {
      "name" : "advancedErrorHandling",
      "value" : false
    }, {
      "name" : "notifyOnStates",
      "value" : [ "RUN_ERROR", "STOPPED", "FINISHED" ]
    }, {
      "name" : "emailIDs",
      "value" : [ ]
    }, {
      "name" : "constants",
      "value" : [ {
        "value" : "weather",
        "key" : "table_name_namevalue"
      }, {
        "key" : "database_name",
        "value" : "bronze"
      }, {
        "key" : "table_name",
        "value" : "tsource"
      } ]
    }, {
      "name" : "badRecordsHandling",
      "value" : "streamsets-datacollector-basic-lib::com_streamsets_pipeline_stage_destination_recordstolocalfilesystem_ToErrorLocalFSDTarget::1"
    }, {
      "name" : "errorRecordPolicy",
      "value" : "ORIGINAL_RECORD"
    }, {
      "name" : "statsAggregatorStage",
      "value" : "streamsets-datacollector-basic-lib::com_streamsets_pipeline_stage_destination_devnull_StatsDpmDirectlyDTarget::1"
    }, {
      "name" : "workerCount",
      "value" : 0
    }, {
      "name" : "clusterSlaveMemory",
      "value" : 2048
    }, {
      "name" : "clusterSlaveJavaOpts",
      "value" : "-XX:+UseConcMarkSweepGC -XX:+UseParNewGC -Dlog4j.debug"
    }, {
      "name" : "clusterLauncherEnv",
      "value" : [ ]
    }, {
      "name" : "mesosDispatcherURL",
      "value" : null
    }, {
      "name" : "logLevel",
      "value" : "INFO"
    }, {
      "name" : "hdfsS3ConfDir",
      "value" : null
    }, {
      "name" : "rateLimit",
      "value" : 1
    }, {
      "name" : "maxRunners",
      "value" : 0
    }, {
      "name" : "shouldCreateFailureSnapshot",
      "value" : true
    }, {
      "name" : "runnerIdleTIme",
      "value" : 60
    }, {
      "name" : "webhookConfigs",
      "value" : [ ]
    }, {
      "name" : "sparkConfigs",
      "value" : [ ]
    }, {
      "name" : "preprocessScript",
      "value" : "/*\nThe following script define a method\nthat increments an integer by 1 \nand registers it as a UDF with \nthe SparkSession, which can be accessed\nusing the variable named \"spark\":\ndef inc(i: Integer): Integer = {\n  i + 1\n}\nspark.udf.register (\"inc\", inc _)\n\n*/"
    }, {
      "name" : "clusterConfig.clusterType",
      "value" : "LOCAL"
    }, {
      "name" : "clusterConfig.sparkMasterUrl",
      "value" : "local[*]"
    }, {
      "name" : "clusterConfig.deployMode",
      "value" : "CLIENT"
    }, {
      "name" : "clusterConfig.hadoopUserName",
      "value" : null
    }, {
      "name" : "clusterConfig.sparkAppName",
      "value" : "${pipeline:title()}"
    }, {
      "name" : "clusterConfig.stagingDir",
      "value" : "/streamsets"
    }, {
      "name" : "clusterConfig.useYarnKerberosKeytab",
      "value" : false
    }, {
      "name" : "clusterConfig.yarnKerberosKeytabSource",
      "value" : "PROPERTIES_FILE"
    }, {
      "name" : "clusterConfig.yarnKerberosKeytab",
      "value" : null
    }, {
      "name" : "clusterConfig.yarnKerberosPrincipal",
      "value" : "name@DOMAIN"
    }, {
      "name" : "clusterConfig.callbackUrl",
      "value" : null
    }, {
      "name" : "databricksConfig.baseUrl",
      "value" : null
    }, {
      "name" : "databricksConfig.credentialType",
      "value" : null
    }, {
      "name" : "databricksConfig.username",
      "value" : ""
    }, {
      "name" : "databricksConfig.password",
      "value" : ""
    }, {
      "name" : "databricksConfig.token",
      "value" : ""
    }, {
      "name" : "databricksConfig.provisionNewCluster",
      "value" : true
    }, {
      "name" : "databricksConfig.clusterId",
      "value" : null
    }, {
      "name" : "databricksConfig.clusterConfig",
      "value" : "{\n    \"num_workers\": 8,\n    \"spark_version\": \"5.3.x-scala2.11\",\n    \"node_type_id\": \"i3.xlarge\"\n}"
    }, {
      "name" : "databricksConfig.terminateCluster",
      "value" : false
    }, {
      "name" : "livyConfig.baseUrl",
      "value" : "https://localhost:30443/gateway/default/livy/v1/"
    }, {
      "name" : "livyConfig.username",
      "value" : ""
    }, {
      "name" : "livyConfig.password",
      "value" : ""
    }, {
      "name" : "amazonEMRConfig.userRegion",
      "value" : null
    }, {
      "name" : "amazonEMRConfig.userRegionCustom",
      "value" : null
    }, {
      "name" : "amazonEMRConfig.accessKey",
      "value" : ""
    }, {
      "name" : "amazonEMRConfig.secretKey",
      "value" : ""
    }, {
      "name" : "amazonEMRConfig.s3StagingUri",
      "value" : null
    }, {
      "name" : "amazonEMRConfig.provisionNewCluster",
      "value" : false
    }, {
      "name" : "amazonEMRConfig.clusterId",
      "value" : null
    }, {
      "name" : "amazonEMRConfig.clusterPrefix",
      "value" : null
    }, {
      "name" : "amazonEMRConfig.terminateCluster",
      "value" : false
    }, {
      "name" : "amazonEMRConfig.loggingEnabled",
      "value" : true
    }, {
      "name" : "amazonEMRConfig.s3LogUri",
      "value" : null
    }, {
      "name" : "amazonEMRConfig.enableEMRDebugging",
      "value" : true
    }, {
      "name" : "amazonEMRConfig.serviceRole",
      "value" : "EMR_DefaultRole"
    }, {
      "name" : "amazonEMRConfig.jobFlowRole",
      "value" : "EMR_EC2_DefaultRole"
    }, {
      "name" : "amazonEMRConfig.visibleToAllUsers",
      "value" : true
    }, {
      "name" : "amazonEMRConfig.ec2SubnetId",
      "value" : null
    }, {
      "name" : "amazonEMRConfig.masterSecurityGroup",
      "value" : null
    }, {
      "name" : "amazonEMRConfig.slaveSecurityGroup",
      "value" : null
    }, {
      "name" : "amazonEMRConfig.instanceCount",
      "value" : 2
    }, {
      "name" : "amazonEMRConfig.masterInstanceType",
      "value" : null
    }, {
      "name" : "amazonEMRConfig.masterInstanceTypeCustom",
      "value" : null
    }, {
      "name" : "amazonEMRConfig.slaveInstanceType",
      "value" : null
    }, {
      "name" : "amazonEMRConfig.slaveInstanceTypeCustom",
      "value" : null
    }, {
      "name" : "transformerEMRConfig.userRegion",
      "value" : null
    }, {
      "name" : "transformerEMRConfig.userRegionCustom",
      "value" : null
    }, {
      "name" : "transformerEMRConfig.useIAMRoles",
      "value" : false
    }, {
      "name" : "transformerEMRConfig.accessKey",
      "value" : ""
    }, {
      "name" : "transformerEMRConfig.secretKey",
      "value" : ""
    }, {
      "name" : "transformerEMRConfig.s3StagingUri",
      "value" : null
    }, {
      "name" : "transformerEMRConfig.provisionNewCluster",
      "value" : false
    }, {
      "name" : "transformerEMRConfig.clusterId",
      "value" : null
    }, {
      "name" : "transformerEMRConfig.emrVersion",
      "value" : null
    }, {
      "name" : "transformerEMRConfig.clusterPrefix",
      "value" : null
    }, {
      "name" : "transformerEMRConfig.terminateCluster",
      "value" : false
    }, {
      "name" : "transformerEMRConfig.loggingEnabled",
      "value" : true
    }, {
      "name" : "transformerEMRConfig.s3LogUri",
      "value" : null
    }, {
      "name" : "transformerEMRConfig.serviceRole",
      "value" : "EMR_DefaultRole"
    }, {
      "name" : "transformerEMRConfig.jobFlowRole",
      "value" : "EMR_EC2_DefaultRole"
    }, {
      "name" : "transformerEMRConfig.visibleToAllUsers",
      "value" : true
    }, {
      "name" : "transformerEMRConfig.ec2SubnetId",
      "value" : null
    }, {
      "name" : "transformerEMRConfig.masterSecurityGroup",
      "value" : null
    }, {
      "name" : "transformerEMRConfig.slaveSecurityGroup",
      "value" : null
    }, {
      "name" : "transformerEMRConfig.instanceCount",
      "value" : 2
    }, {
      "name" : "transformerEMRConfig.masterInstanceType",
      "value" : null
    }, {
      "name" : "transformerEMRConfig.masterInstanceTypeCustom",
      "value" : null
    }, {
      "name" : "transformerEMRConfig.slaveInstanceType",
      "value" : null
    }, {
      "name" : "transformerEMRConfig.slaveInstanceTypeCustom",
      "value" : null
    } ],
    "uiInfo" : {
      "previewConfig" : {
        "previewSource" : "CONFIGURED_SOURCE",
        "batchSize" : "5",
        "timeout" : 30000,
        "writeToDestinations" : true,
        "executeLifecycleEvents" : false,
        "showHeader" : true,
        "showFieldType" : true,
        "rememberMe" : true
      }
    },
    "fragments" : [ ],
    "stages" : [ {
      "instanceName" : "HTTPClient_01",
      "library" : "streamsets-datacollector-basic-lib",
      "stageName" : "com_streamsets_pipeline_stage_origin_http_HttpClientDSource",
      "stageVersion" : "15",
      "configuration" : [ {
        "name" : "conf.basic.maxBatchSize",
        "value" : 1000
      }, {
        "name" : "conf.basic.maxWaitTime",
        "value" : 2000
      }, {
        "name" : "conf.dataFormatConfig.compression",
        "value" : "NONE"
      }, {
        "name" : "conf.dataFormatConfig.filePatternInArchive",
        "value" : "*"
      }, {
        "name" : "conf.dataFormatConfig.charset",
        "value" : "UTF-8"
      }, {
        "name" : "conf.dataFormatConfig.removeCtrlChars",
        "value" : false
      }, {
        "name" : "conf.dataFormatConfig.textMaxLineLen",
        "value" : 65536
      }, {
        "name" : "conf.dataFormatConfig.useCustomDelimiter",
        "value" : false
      }, {
        "name" : "conf.dataFormatConfig.customDelimiter",
        "value" : "\\r\\n"
      }, {
        "name" : "conf.dataFormatConfig.includeCustomDelimiterInTheText",
        "value" : false
      }, {
        "name" : "conf.dataFormatConfig.jsonContent",
        "value" : "MULTIPLE_OBJECTS"
      }, {
        "name" : "conf.dataFormatConfig.jsonMaxObjectLen",
        "value" : 65535
      }, {
        "name" : "conf.dataFormatConfig.csvFileFormat",
        "value" : "CSV"
      }, {
        "name" : "conf.dataFormatConfig.csvHeader",
        "value" : "NO_HEADER"
      }, {
        "name" : "conf.dataFormatConfig.csvAllowExtraColumns",
        "value" : false
      }, {
        "name" : "conf.dataFormatConfig.csvExtraColumnPrefix",
        "value" : "_extra_"
      }, {
        "name" : "conf.dataFormatConfig.csvMaxObjectLen",
        "value" : 1024
      }, {
        "name" : "conf.dataFormatConfig.csvCustomDelimiter",
        "value" : "|"
      }, {
        "name" : "conf.dataFormatConfig.multiCharacterFieldDelimiter",
        "value" : "||"
      }, {
        "name" : "conf.dataFormatConfig.multiCharacterLineDelimiter",
        "value" : "${str:unescapeJava('\\\\n')}"
      }, {
        "name" : "conf.dataFormatConfig.csvCustomEscape",
        "value" : "\\"
      }, {
        "name" : "conf.dataFormatConfig.csvCustomQuote",
        "value" : "\""
      }, {
        "name" : "conf.dataFormatConfig.csvEnableComments",
        "value" : false
      }, {
        "name" : "conf.dataFormatConfig.csvCommentMarker",
        "value" : "#"
      }, {
        "name" : "conf.dataFormatConfig.csvIgnoreEmptyLines",
        "value" : true
      }, {
        "name" : "conf.dataFormatConfig.csvRecordType",
        "value" : "LIST_MAP"
      }, {
        "name" : "conf.dataFormatConfig.csvSkipStartLines",
        "value" : 0
      }, {
        "name" : "conf.dataFormatConfig.parseNull",
        "value" : false
      }, {
        "name" : "conf.dataFormatConfig.nullConstant",
        "value" : "\\\\N"
      }, {
        "name" : "conf.dataFormatConfig.xmlRecordElement",
        "value" : null
      }, {
        "name" : "conf.dataFormatConfig.preserveRootElement",
        "value" : true
      }, {
        "name" : "conf.dataFormatConfig.includeFieldXpathAttributes",
        "value" : false
      }, {
        "name" : "conf.dataFormatConfig.xPathNamespaceContext",
        "value" : [ ]
      }, {
        "name" : "conf.dataFormatConfig.outputFieldAttributes",
        "value" : false
      }, {
        "name" : "conf.dataFormatConfig.xmlMaxObjectLen",
        "value" : 4096
      }, {
        "name" : "conf.dataFormatConfig.logMode",
        "value" : "COMMON_LOG_FORMAT"
      }, {
        "name" : "conf.dataFormatConfig.logMaxObjectLen",
        "value" : 1024
      }, {
        "name" : "conf.dataFormatConfig.retainOriginalLine",
        "value" : false
      }, {
        "name" : "conf.dataFormatConfig.customLogFormat",
        "value" : "%h %l %u %t \"%r\" %>s %b"
      }, {
        "name" : "conf.dataFormatConfig.regex",
        "value" : "^(\\S+) (\\S+) (\\S+) \\[([\\w:/]+\\s[+\\-]\\d{4})\\] \"(\\S+) (\\S+) (\\S+)\" (\\d{3}) (\\d+)"
      }, {
        "name" : "conf.dataFormatConfig.fieldPathsToGroupName",
        "value" : [ {
          "fieldPath" : "/",
          "group" : 1
        } ]
      }, {
        "name" : "conf.dataFormatConfig.grokPatternDefinition",
        "value" : null
      }, {
        "name" : "conf.dataFormatConfig.grokPattern",
        "value" : "%{COMMONAPACHELOG}"
      }, {
        "name" : "conf.dataFormatConfig.onParseError",
        "value" : "ERROR"
      }, {
        "name" : "conf.dataFormatConfig.maxStackTraceLines",
        "value" : 50
      }, {
        "name" : "conf.dataFormatConfig.enableLog4jCustomLogFormat",
        "value" : false
      }, {
        "name" : "conf.dataFormatConfig.log4jCustomLogFormat",
        "value" : "%r [%t] %-5p %c %x - %m%n"
      }, {
        "name" : "conf.dataFormatConfig.avroSchemaSource",
        "value" : "SOURCE"
      }, {
        "name" : "conf.dataFormatConfig.avroSchema",
        "value" : null
      }, {
        "name" : "conf.dataFormatConfig.schemaRegistryUrls",
        "value" : [ ]
      }, {
        "name" : "conf.dataFormatConfig.basicAuth",
        "value" : ""
      }, {
        "name" : "conf.dataFormatConfig.schemaLookupMode",
        "value" : "SUBJECT"
      }, {
        "name" : "conf.dataFormatConfig.subject",
        "value" : null
      }, {
        "name" : "conf.dataFormatConfig.schemaId",
        "value" : null
      }, {
        "name" : "conf.dataFormatConfig.avroSkipUnionIndex",
        "value" : false
      }, {
        "name" : "conf.dataFormatConfig.protoDescriptorFile",
        "value" : null
      }, {
        "name" : "conf.dataFormatConfig.messageType",
        "value" : null
      }, {
        "name" : "conf.dataFormatConfig.isDelimited",
        "value" : true
      }, {
        "name" : "conf.dataFormatConfig.binaryMaxObjectLen",
        "value" : 65535
      }, {
        "name" : "conf.dataFormatConfig.datagramMode",
        "value" : "SYSLOG"
      }, {
        "name" : "conf.dataFormatConfig.typesDbPath",
        "value" : null
      }, {
        "name" : "conf.dataFormatConfig.convertTime",
        "value" : false
      }, {
        "name" : "conf.dataFormatConfig.excludeInterval",
        "value" : true
      }, {
        "name" : "conf.dataFormatConfig.authFilePath",
        "value" : null
      }, {
        "name" : "conf.dataFormatConfig.netflowOutputValuesMode",
        "value" : "RAW_AND_INTERPRETED"
      }, {
        "name" : "conf.dataFormatConfig.maxTemplateCacheSize",
        "value" : -1
      }, {
        "name" : "conf.dataFormatConfig.templateCacheTimeoutMs",
        "value" : -1
      }, {
        "name" : "conf.dataFormatConfig.netflowOutputValuesModeDatagram",
        "value" : "RAW_AND_INTERPRETED"
      }, {
        "name" : "conf.dataFormatConfig.maxTemplateCacheSizeDatagram",
        "value" : -1
      }, {
        "name" : "conf.dataFormatConfig.templateCacheTimeoutMsDatagram",
        "value" : -1
      }, {
        "name" : "conf.dataFormatConfig.wholeFileMaxObjectLen",
        "value" : 8192
      }, {
        "name" : "conf.dataFormatConfig.rateLimit",
        "value" : "-1"
      }, {
        "name" : "conf.dataFormatConfig.verifyChecksum",
        "value" : false
      }, {
        "name" : "conf.dataFormatConfig.excelHeader",
        "value" : null
      }, {
        "name" : "conf.dataFormatConfig.excelSkipCellsWithNoHeader",
        "value" : false
      }, {
        "name" : "conf.dataFormatConfig.excelReadAllSheets",
        "value" : true
      }, {
        "name" : "conf.dataFormatConfig.excelSheetNames",
        "value" : [ ]
      }, {
        "name" : "conf.resourceUrl",
        "value" : "https://api.openweathermap.org/data/2.5/find?lat=46.4859841&lon=30.7249136&cnt=50&appid=d12dd3e0376f206595b3a0660911c2dc"
      }, {
        "name" : "conf.headers",
        "value" : [ ]
      }, {
        "name" : "conf.httpMethod",
        "value" : "GET"
      }, {
        "name" : "conf.timeZoneID",
        "value" : "Europe/Kiev"
      }, {
        "name" : "conf.requestBody",
        "value" : null
      }, {
        "name" : "conf.defaultRequestContentType",
        "value" : "application/json"
      }, {
        "name" : "conf.client.transferEncoding",
        "value" : "BUFFERED"
      }, {
        "name" : "conf.client.httpCompression",
        "value" : "NONE"
      }, {
        "name" : "conf.client.connectTimeoutMillis",
        "value" : 0
      }, {
        "name" : "conf.client.readTimeoutMillis",
        "value" : 0
      }, {
        "name" : "conf.client.authType",
        "value" : "NONE"
      }, {
        "name" : "conf.client.useOAuth2",
        "value" : false
      }, {
        "name" : "conf.client.oauth.consumerKey",
        "value" : ""
      }, {
        "name" : "conf.client.oauth.consumerSecret",
        "value" : ""
      }, {
        "name" : "conf.client.oauth.token",
        "value" : ""
      }, {
        "name" : "conf.client.oauth.tokenSecret",
        "value" : ""
      }, {
        "name" : "conf.client.oauth2.credentialsGrantType",
        "value" : null
      }, {
        "name" : "conf.client.oauth2.tokenUrl",
        "value" : null
      }, {
        "name" : "conf.client.oauth2.clientId",
        "value" : ""
      }, {
        "name" : "conf.client.oauth2.clientSecret",
        "value" : ""
      }, {
        "name" : "conf.client.oauth2.username",
        "value" : ""
      }, {
        "name" : "conf.client.oauth2.password",
        "value" : ""
      }, {
        "name" : "conf.client.oauth2.resourceOwnerClientId",
        "value" : ""
      }, {
        "name" : "conf.client.oauth2.resourceOwnerClientSecret",
        "value" : ""
      }, {
        "name" : "conf.client.oauth2.algorithm",
        "value" : "NONE"
      }, {
        "name" : "conf.client.oauth2.key",
        "value" : ""
      }, {
        "name" : "conf.client.oauth2.jwtClaims",
        "value" : null
      }, {
        "name" : "conf.client.oauth2.transferEncoding",
        "value" : "BUFFERED"
      }, {
        "name" : "conf.client.oauth2.additionalValues",
        "value" : [ { } ]
      }, {
        "name" : "conf.client.basicAuth.username",
        "value" : ""
      }, {
        "name" : "conf.client.basicAuth.password",
        "value" : ""
      }, {
        "name" : "conf.client.useProxy",
        "value" : false
      }, {
        "name" : "conf.client.proxy.uri",
        "value" : null
      }, {
        "name" : "conf.client.proxy.username",
        "value" : ""
      }, {
        "name" : "conf.client.proxy.password",
        "value" : ""
      }, {
        "name" : "conf.client.tlsConfig.tlsEnabled",
        "value" : false
      }, {
        "name" : "conf.client.tlsConfig.keyStoreFilePath",
        "value" : null
      }, {
        "name" : "conf.client.tlsConfig.keyStoreType",
        "value" : "JKS"
      }, {
        "name" : "conf.client.tlsConfig.keyStorePassword",
        "value" : ""
      }, {
        "name" : "conf.client.tlsConfig.keyStoreAlgorithm",
        "value" : "SunX509"
      }, {
        "name" : "conf.client.tlsConfig.trustStoreFilePath",
        "value" : null
      }, {
        "name" : "conf.client.tlsConfig.trustStoreType",
        "value" : "JKS"
      }, {
        "name" : "conf.client.tlsConfig.trustStorePassword",
        "value" : ""
      }, {
        "name" : "conf.client.tlsConfig.trustStoreAlgorithm",
        "value" : "SunX509"
      }, {
        "name" : "conf.client.tlsConfig.useDefaultProtocols",
        "value" : true
      }, {
        "name" : "conf.client.tlsConfig.protocols",
        "value" : [ ]
      }, {
        "name" : "conf.client.tlsConfig.useDefaultCiperSuites",
        "value" : true
      }, {
        "name" : "conf.client.tlsConfig.cipherSuites",
        "value" : [ ]
      }, {
        "name" : "conf.client.requestLoggingConfig.enableRequestLogging",
        "value" : false
      }, {
        "name" : "conf.client.requestLoggingConfig.logLevel",
        "value" : "FINE"
      }, {
        "name" : "conf.client.requestLoggingConfig.verbosity",
        "value" : "HEADERS_ONLY"
      }, {
        "name" : "conf.client.requestLoggingConfig.maxEntitySize",
        "value" : 0
      }, {
        "name" : "conf.httpMode",
        "value" : "POLLING"
      }, {
        "name" : "conf.pollingInterval",
        "value" : 2000
      }, {
        "name" : "conf.dataFormat",
        "value" : "JSON"
      }, {
        "name" : "conf.responseStatusActionConfigs",
        "value" : [ {
          "statusCode" : 500,
          "action" : "RETRY_EXPONENTIAL_BACKOFF",
          "backoffInterval" : 1000,
          "maxNumRetries" : 3
        } ]
      }, {
        "name" : "conf.responseTimeoutActionConfig.action",
        "value" : "RETRY_IMMEDIATELY"
      }, {
        "name" : "conf.responseTimeoutActionConfig.backoffInterval",
        "value" : 1000
      }, {
        "name" : "conf.responseTimeoutActionConfig.maxNumRetries",
        "value" : 10
      }, {
        "name" : "conf.pagination.mode",
        "value" : "NONE"
      }, {
        "name" : "conf.pagination.nextPageURLPrefix",
        "value" : null
      }, {
        "name" : "conf.pagination.nextPageFieldPath",
        "value" : null
      }, {
        "name" : "conf.pagination.stopCondition",
        "value" : null
      }, {
        "name" : "conf.pagination.startAt",
        "value" : null
      }, {
        "name" : "conf.pagination.resultFieldPath",
        "value" : null
      }, {
        "name" : "conf.pagination.keepAllFields",
        "value" : false
      }, {
        "name" : "conf.pagination.rateLimit",
        "value" : 2000
      }, {
        "name" : "stageOnRecordError",
        "value" : "TO_ERROR"
      } ],
      "uiInfo" : {
        "yPos" : 50,
        "stageType" : "SOURCE",
        "icon" : "httpclient.png",
        "description" : "Extracts weather through rest api",
        "label" : "Source Extractor",
        "xPos" : 60
      },
      "inputLanes" : [ ],
      "outputLanes" : [ "HTTPClient_01OutputLane15852562706180" ],
      "eventLanes" : [ ],
      "services" : [ ]
    }, {
      "instanceName" : "ExpressionEvaluator_01",
      "library" : "streamsets-datacollector-basic-lib",
      "stageName" : "com_streamsets_pipeline_stage_processor_expression_ExpressionDProcessor",
      "stageVersion" : "2",
      "configuration" : [ {
        "name" : "expressionProcessorConfigs",
        "value" : [ ]
      }, {
        "name" : "headerAttributeConfigs",
        "value" : [ {
          "attributeToSet" : "file_dir",
          "headerAttributeExpression" : "${database_name}/${table_name_namevalue}"
        }, {
          "attributeToSet" : "file_name",
          "headerAttributeExpression" : "${table_name}-${time:extractStringFromDateTZ(time:now(), \"Europe/Kiev\", \"yyyy-MM-dd-HH-mm\")}"
        } ]
      }, {
        "name" : "fieldAttributeConfigs",
        "value" : [ ]
      }, {
        "name" : "stageOnRecordError",
        "value" : "TO_ERROR"
      }, {
        "name" : "stageRequiredFields",
        "value" : [ ]
      }, {
        "name" : "stageRecordPreconditions",
        "value" : [ ]
      } ],
      "uiInfo" : {
        "yPos" : 50,
        "stageType" : "PROCESSOR",
        "icon" : "expression.png",
        "description" : "?????????? YYYY-MM-DD-HH ??? ??????????????, ???? name ??? ??????????? ????????? ? ??...",
        "label" : "Add fields and attributes Generator",
        "xPos" : 280
      },
      "inputLanes" : [ "HTTPClient_01OutputLane15852562706180" ],
      "outputLanes" : [ "ExpressionEvaluator_01OutputLane15860331692140" ],
      "eventLanes" : [ ],
      "services" : [ ]
    }, {
      "instanceName" : "FieldRemover_01",
      "library" : "streamsets-datacollector-basic-lib",
      "stageName" : "com_streamsets_pipeline_stage_processor_fieldfilter_FieldFilterDProcessor",
      "stageVersion" : "1",
      "configuration" : [ {
        "name" : "filterOperation",
        "value" : "KEEP"
      }, {
        "name" : "fields",
        "value" : [ "/list" ]
      }, {
        "name" : "constant",
        "value" : null
      }, {
        "name" : "stageRequiredFields",
        "value" : [ ]
      }, {
        "name" : "stageRecordPreconditions",
        "value" : [ ]
      } ],
      "uiInfo" : {
        "yPos" : 50,
        "stageType" : "PROCESSOR",
        "icon" : "filter.png",
        "description" : "",
        "label" : "Field Remover 1",
        "xPos" : 500
      },
      "inputLanes" : [ "ExpressionEvaluator_01OutputLane15860331692140" ],
      "outputLanes" : [ "FieldRemover_01OutputLane15863651495150" ],
      "eventLanes" : [ ],
      "services" : [ ]
    }, {
      "instanceName" : "FieldPivoter_01",
      "library" : "streamsets-datacollector-basic-lib",
      "stageName" : "com_streamsets_pipeline_stage_processor_listpivot_ListPivotDProcessor",
      "stageVersion" : "3",
      "configuration" : [ {
        "name" : "listPath",
        "value" : "/list"
      }, {
        "name" : "copyFields",
        "value" : true
      }, {
        "name" : "newPath",
        "value" : null
      }, {
        "name" : "replaceListField",
        "value" : true
      }, {
        "name" : "saveOriginalFieldName",
        "value" : false
      }, {
        "name" : "originalFieldNamePath",
        "value" : null
      }, {
        "name" : "onStagePreConditionFailure",
        "value" : "TO_ERROR"
      }, {
        "name" : "stageOnRecordError",
        "value" : "TO_ERROR"
      }, {
        "name" : "stageRequiredFields",
        "value" : [ ]
      }, {
        "name" : "stageRecordPreconditions",
        "value" : [ ]
      } ],
      "uiInfo" : {
        "yPos" : 50,
        "stageType" : "PROCESSOR",
        "icon" : "pivoter.png",
        "description" : "",
        "label" : "Field Pivoter 1",
        "xPos" : 720
      },
      "inputLanes" : [ "FieldRemover_01OutputLane15863651495150" ],
      "outputLanes" : [ "FieldPivoter_01OutputLane15863745409000" ],
      "eventLanes" : [ ],
      "services" : [ ]
    }, {
      "instanceName" : "FieldFlattener_01",
      "library" : "streamsets-datacollector-basic-lib",
      "stageName" : "com_streamsets_pipeline_stage_processor_fieldflattener_FieldFlattenerDProcessor",
      "stageVersion" : "1",
      "configuration" : [ {
        "name" : "config.flattenType",
        "value" : "ENTIRE_RECORD"
      }, {
        "name" : "config.fields",
        "value" : [ "/list" ]
      }, {
        "name" : "config.flattenInPlace",
        "value" : true
      }, {
        "name" : "config.flattenTargetField",
        "value" : null
      }, {
        "name" : "config.collisionFieldAction",
        "value" : "TO_ERROR"
      }, {
        "name" : "config.removeFlattenedField",
        "value" : true
      }, {
        "name" : "config.nameSeparator",
        "value" : "."
      }, {
        "name" : "stageOnRecordError",
        "value" : "TO_ERROR"
      }, {
        "name" : "stageRequiredFields",
        "value" : [ ]
      }, {
        "name" : "stageRecordPreconditions",
        "value" : [ ]
      } ],
      "uiInfo" : {
        "yPos" : 50,
        "stageType" : "PROCESSOR",
        "icon" : "flattener.png",
        "description" : "",
        "label" : "Field Flattener 1",
        "xPos" : 940
      },
      "inputLanes" : [ "FieldPivoter_01OutputLane15863745409000" ],
      "outputLanes" : [ "FieldFlattener_01OutputLane15863748437130" ],
      "eventLanes" : [ ],
      "services" : [ ]
    }, {
      "instanceName" : "FieldRenamer_01",
      "library" : "streamsets-datacollector-basic-lib",
      "stageName" : "com_streamsets_pipeline_stage_processor_fieldrenamer_FieldRenamerDProcessor",
      "stageVersion" : "2",
      "configuration" : [ {
        "name" : "renameMapping",
        "value" : [ {
          "fromFieldExpression" : "/'list\\.(.*)'",
          "toFieldExpression" : "/$1"
        } ]
      }, {
        "name" : "errorHandler.nonExistingFromFieldHandling",
        "value" : "TO_ERROR"
      }, {
        "name" : "errorHandler.existingToFieldHandling",
        "value" : "TO_ERROR"
      }, {
        "name" : "errorHandler.multipleFromFieldsMatching",
        "value" : "TO_ERROR"
      }, {
        "name" : "stageOnRecordError",
        "value" : "TO_ERROR"
      }, {
        "name" : "stageRequiredFields",
        "value" : [ ]
      }, {
        "name" : "stageRecordPreconditions",
        "value" : [ ]
      } ],
      "uiInfo" : {
        "yPos" : 50,
        "stageType" : "PROCESSOR",
        "icon" : "edit.png",
        "description" : "",
        "label" : "Field Renamer 1",
        "xPos" : 1160
      },
      "inputLanes" : [ "FieldFlattener_01OutputLane15863748437130" ],
      "outputLanes" : [ "FieldRenamer_01OutputLane15863757284960" ],
      "eventLanes" : [ ],
      "services" : [ ]
    }, {
      "instanceName" : "HadoopFS_01",
      "library" : "streamsets-datacollector-cdh_5_7-lib",
      "stageName" : "com_streamsets_pipeline_stage_destination_hdfs_HdfsDTarget",
      "stageVersion" : "5",
      "configuration" : [ {
        "name" : "hdfsTargetConfigBean.uniquePrefix",
        "value" : "file"
      }, {
        "name" : "hdfsTargetConfigBean.fileNameSuffix",
        "value" : "json"
      }, {
        "name" : "hdfsTargetConfigBean.dirPathTemplateInHeader",
        "value" : false
      }, {
        "name" : "hdfsTargetConfigBean.dirPathTemplate",
        "value" : "/out/${record:attribute(\"file_dir\")}"
      }, {
        "name" : "hdfsTargetConfigBean.timeZoneID",
        "value" : "Europe/Kiev"
      }, {
        "name" : "hdfsTargetConfigBean.timeDriver",
        "value" : "${time:now()}"
      }, {
        "name" : "hdfsTargetConfigBean.maxRecordsPerFile",
        "value" : 0
      }, {
        "name" : "hdfsTargetConfigBean.maxFileSize",
        "value" : 1
      }, {
        "name" : "hdfsTargetConfigBean.idleTimeout",
        "value" : "-1"
      }, {
        "name" : "hdfsTargetConfigBean.compression",
        "value" : "NONE"
      }, {
        "name" : "hdfsTargetConfigBean.otherCompression",
        "value" : null
      }, {
        "name" : "hdfsTargetConfigBean.fileType",
        "value" : "TEXT"
      }, {
        "name" : "hdfsTargetConfigBean.keyEl",
        "value" : "${uuid()}"
      }, {
        "name" : "hdfsTargetConfigBean.seqFileCompressionType",
        "value" : "BLOCK"
      }, {
        "name" : "hdfsTargetConfigBean.lateRecordsLimit",
        "value" : "${1 * HOURS}"
      }, {
        "name" : "hdfsTargetConfigBean.rollIfHeader",
        "value" : false
      }, {
        "name" : "hdfsTargetConfigBean.rollHeaderName",
        "value" : "roll"
      }, {
        "name" : "hdfsTargetConfigBean.lateRecordsAction",
        "value" : "SEND_TO_ERROR"
      }, {
        "name" : "hdfsTargetConfigBean.lateRecordsDirPathTemplate",
        "value" : "/tmp/late/${YYYY()}-${MM()}-${DD()}"
      }, {
        "name" : "hdfsTargetConfigBean.dataFormat",
        "value" : "JSON"
      }, {
        "name" : "hdfsTargetConfigBean.hdfsPermissionCheck",
        "value" : true
      }, {
        "name" : "hdfsTargetConfigBean.permissionEL",
        "value" : null
      }, {
        "name" : "hdfsTargetConfigBean.skipOldTempFileRecovery",
        "value" : false
      }, {
        "name" : "hdfsTargetConfigBean.dataGeneratorFormatConfig.charset",
        "value" : "UTF-8"
      }, {
        "name" : "hdfsTargetConfigBean.dataGeneratorFormatConfig.csvFileFormat",
        "value" : "CSV"
      }, {
        "name" : "hdfsTargetConfigBean.dataGeneratorFormatConfig.csvHeader",
        "value" : "NO_HEADER"
      }, {
        "name" : "hdfsTargetConfigBean.dataGeneratorFormatConfig.csvReplaceNewLines",
        "value" : true
      }, {
        "name" : "hdfsTargetConfigBean.dataGeneratorFormatConfig.csvReplaceNewLinesString",
        "value" : " "
      }, {
        "name" : "hdfsTargetConfigBean.dataGeneratorFormatConfig.csvCustomDelimiter",
        "value" : "|"
      }, {
        "name" : "hdfsTargetConfigBean.dataGeneratorFormatConfig.csvCustomEscape",
        "value" : "\\"
      }, {
        "name" : "hdfsTargetConfigBean.dataGeneratorFormatConfig.csvCustomQuote",
        "value" : "\""
      }, {
        "name" : "hdfsTargetConfigBean.dataGeneratorFormatConfig.csvQuoteMode",
        "value" : "MINIMAL"
      }, {
        "name" : "hdfsTargetConfigBean.dataGeneratorFormatConfig.jsonMode",
        "value" : "MULTIPLE_OBJECTS"
      }, {
        "name" : "hdfsTargetConfigBean.dataGeneratorFormatConfig.textFieldPath",
        "value" : "/text"
      }, {
        "name" : "hdfsTargetConfigBean.dataGeneratorFormatConfig.textRecordSeparator",
        "value" : "\\n"
      }, {
        "name" : "hdfsTargetConfigBean.dataGeneratorFormatConfig.textFieldMissingAction",
        "value" : "ERROR"
      }, {
        "name" : "hdfsTargetConfigBean.dataGeneratorFormatConfig.textEmptyLineIfNull",
        "value" : false
      }, {
        "name" : "hdfsTargetConfigBean.dataGeneratorFormatConfig.avroSchemaSource",
        "value" : "HEADER"
      }, {
        "name" : "hdfsTargetConfigBean.dataGeneratorFormatConfig.avroSchema",
        "value" : null
      }, {
        "name" : "hdfsTargetConfigBean.dataGeneratorFormatConfig.registerSchema",
        "value" : false
      }, {
        "name" : "hdfsTargetConfigBean.dataGeneratorFormatConfig.schemaRegistryUrlsForRegistration",
        "value" : [ ]
      }, {
        "name" : "hdfsTargetConfigBean.dataGeneratorFormatConfig.schemaRegistryUrls",
        "value" : [ ]
      }, {
        "name" : "hdfsTargetConfigBean.dataGeneratorFormatConfig.basicAuthUserInfo",
        "value" : ""
      }, {
        "name" : "hdfsTargetConfigBean.dataGeneratorFormatConfig.schemaLookupMode",
        "value" : "SUBJECT"
      }, {
        "name" : "hdfsTargetConfigBean.dataGeneratorFormatConfig.subject",
        "value" : null
      }, {
        "name" : "hdfsTargetConfigBean.dataGeneratorFormatConfig.subjectToRegister",
        "value" : null
      }, {
        "name" : "hdfsTargetConfigBean.dataGeneratorFormatConfig.basicAuthUserInfoForRegistration",
        "value" : ""
      }, {
        "name" : "hdfsTargetConfigBean.dataGeneratorFormatConfig.schemaId",
        "value" : null
      }, {
        "name" : "hdfsTargetConfigBean.dataGeneratorFormatConfig.avroCompression",
        "value" : "NULL"
      }, {
        "name" : "hdfsTargetConfigBean.dataGeneratorFormatConfig.binaryFieldPath",
        "value" : "/"
      }, {
        "name" : "hdfsTargetConfigBean.dataGeneratorFormatConfig.protoDescriptorFile",
        "value" : null
      }, {
        "name" : "hdfsTargetConfigBean.dataGeneratorFormatConfig.messageType",
        "value" : null
      }, {
        "name" : "hdfsTargetConfigBean.dataGeneratorFormatConfig.fileNameEL",
        "value" : "${record:attribute(\"file_name\")}"
      }, {
        "name" : "hdfsTargetConfigBean.dataGeneratorFormatConfig.wholeFileExistsAction",
        "value" : "OVERWRITE"
      }, {
        "name" : "hdfsTargetConfigBean.dataGeneratorFormatConfig.includeChecksumInTheEvents",
        "value" : false
      }, {
        "name" : "hdfsTargetConfigBean.dataGeneratorFormatConfig.checksumAlgorithm",
        "value" : "MD5"
      }, {
        "name" : "hdfsTargetConfigBean.dataGeneratorFormatConfig.xmlPrettyPrint",
        "value" : true
      }, {
        "name" : "hdfsTargetConfigBean.dataGeneratorFormatConfig.xmlValidateSchema",
        "value" : false
      }, {
        "name" : "hdfsTargetConfigBean.dataGeneratorFormatConfig.xmlSchema",
        "value" : null
      }, {
        "name" : "hdfsTargetConfigBean.hdfsUri",
        "value" : "hdfs://quickstart.cloudera:8020"
      }, {
        "name" : "hdfsTargetConfigBean.hdfsUser",
        "value" : null
      }, {
        "name" : "hdfsTargetConfigBean.hdfsKerberos",
        "value" : false
      }, {
        "name" : "hdfsTargetConfigBean.hdfsConfDir",
        "value" : "/data/hive/conf"
      }, {
        "name" : "hdfsTargetConfigBean.hdfsConfigs",
        "value" : [ { } ]
      }, {
        "name" : "stageOnRecordError",
        "value" : "TO_ERROR"
      }, {
        "name" : "stageRequiredFields",
        "value" : [ ]
      }, {
        "name" : "stageRecordPreconditions",
        "value" : [ ]
      } ],
      "uiInfo" : {
        "yPos" : 50,
        "stageType" : "TARGET",
        "icon" : "hdfs.png",
        "description" : "",
        "label" : "Hadoop FS 1",
        "xPos" : 1380
      },
      "inputLanes" : [ "FieldRenamer_01OutputLane15863757284960" ],
      "outputLanes" : [ ],
      "eventLanes" : [ "HadoopFS_01_EventLane" ],
      "services" : [ ]
    }, {
      "instanceName" : "LocalFS_02",
      "library" : "streamsets-datacollector-basic-lib",
      "stageName" : "com_streamsets_pipeline_stage_destination_localfilesystem_LocalFileSystemDTarget",
      "stageVersion" : "4",
      "configuration" : [ {
        "name" : "configs.uniquePrefix",
        "value" : "fs1_events"
      }, {
        "name" : "configs.fileNameSuffix",
        "value" : "txt"
      }, {
        "name" : "configs.dirPathTemplateInHeader",
        "value" : false
      }, {
        "name" : "configs.dirPathTemplate",
        "value" : "/data/out/logs"
      }, {
        "name" : "configs.timeZoneID",
        "value" : "Europe/Kiev"
      }, {
        "name" : "configs.timeDriver",
        "value" : "${time:now()}"
      }, {
        "name" : "configs.maxRecordsPerFile",
        "value" : 0
      }, {
        "name" : "configs.maxFileSize",
        "value" : 0
      }, {
        "name" : "configs.idleTimeout",
        "value" : "${5 * SECONDS}"
      }, {
        "name" : "configs.compression",
        "value" : "NONE"
      }, {
        "name" : "configs.otherCompression",
        "value" : null
      }, {
        "name" : "configs.fileType",
        "value" : "TEXT"
      }, {
        "name" : "configs.keyEl",
        "value" : "${uuid()}"
      }, {
        "name" : "configs.lateRecordsLimit",
        "value" : "${1 * HOURS}"
      }, {
        "name" : "configs.rollIfHeader",
        "value" : false
      }, {
        "name" : "configs.rollHeaderName",
        "value" : "roll"
      }, {
        "name" : "configs.lateRecordsAction",
        "value" : "SEND_TO_ERROR"
      }, {
        "name" : "configs.lateRecordsDirPathTemplate",
        "value" : "/tmp/late/${YYYY()}-${MM()}-${DD()}"
      }, {
        "name" : "configs.dataFormat",
        "value" : "SDC_JSON"
      }, {
        "name" : "configs.hdfsPermissionCheck",
        "value" : true
      }, {
        "name" : "configs.permissionEL",
        "value" : null
      }, {
        "name" : "configs.skipOldTempFileRecovery",
        "value" : false
      }, {
        "name" : "configs.dataGeneratorFormatConfig.charset",
        "value" : "UTF-8"
      }, {
        "name" : "configs.dataGeneratorFormatConfig.csvFileFormat",
        "value" : "CSV"
      }, {
        "name" : "configs.dataGeneratorFormatConfig.csvHeader",
        "value" : "NO_HEADER"
      }, {
        "name" : "configs.dataGeneratorFormatConfig.csvReplaceNewLines",
        "value" : true
      }, {
        "name" : "configs.dataGeneratorFormatConfig.csvReplaceNewLinesString",
        "value" : " "
      }, {
        "name" : "configs.dataGeneratorFormatConfig.csvCustomDelimiter",
        "value" : "|"
      }, {
        "name" : "configs.dataGeneratorFormatConfig.csvCustomEscape",
        "value" : "\\"
      }, {
        "name" : "configs.dataGeneratorFormatConfig.csvCustomQuote",
        "value" : "\""
      }, {
        "name" : "configs.dataGeneratorFormatConfig.csvQuoteMode",
        "value" : "MINIMAL"
      }, {
        "name" : "configs.dataGeneratorFormatConfig.jsonMode",
        "value" : "MULTIPLE_OBJECTS"
      }, {
        "name" : "configs.dataGeneratorFormatConfig.textFieldPath",
        "value" : "/targetFileInfo"
      }, {
        "name" : "configs.dataGeneratorFormatConfig.textRecordSeparator",
        "value" : "\\n"
      }, {
        "name" : "configs.dataGeneratorFormatConfig.textFieldMissingAction",
        "value" : "ERROR"
      }, {
        "name" : "configs.dataGeneratorFormatConfig.textEmptyLineIfNull",
        "value" : false
      }, {
        "name" : "configs.dataGeneratorFormatConfig.avroSchemaSource",
        "value" : null
      }, {
        "name" : "configs.dataGeneratorFormatConfig.avroSchema",
        "value" : null
      }, {
        "name" : "configs.dataGeneratorFormatConfig.registerSchema",
        "value" : false
      }, {
        "name" : "configs.dataGeneratorFormatConfig.schemaRegistryUrlsForRegistration",
        "value" : [ ]
      }, {
        "name" : "configs.dataGeneratorFormatConfig.schemaRegistryUrls",
        "value" : [ ]
      }, {
        "name" : "configs.dataGeneratorFormatConfig.basicAuthUserInfo",
        "value" : ""
      }, {
        "name" : "configs.dataGeneratorFormatConfig.schemaLookupMode",
        "value" : "SUBJECT"
      }, {
        "name" : "configs.dataGeneratorFormatConfig.subject",
        "value" : null
      }, {
        "name" : "configs.dataGeneratorFormatConfig.subjectToRegister",
        "value" : null
      }, {
        "name" : "configs.dataGeneratorFormatConfig.basicAuthUserInfoForRegistration",
        "value" : ""
      }, {
        "name" : "configs.dataGeneratorFormatConfig.schemaId",
        "value" : null
      }, {
        "name" : "configs.dataGeneratorFormatConfig.avroCompression",
        "value" : "NULL"
      }, {
        "name" : "configs.dataGeneratorFormatConfig.binaryFieldPath",
        "value" : "/"
      }, {
        "name" : "configs.dataGeneratorFormatConfig.protoDescriptorFile",
        "value" : null
      }, {
        "name" : "configs.dataGeneratorFormatConfig.messageType",
        "value" : null
      }, {
        "name" : "configs.dataGeneratorFormatConfig.fileNameEL",
        "value" : null
      }, {
        "name" : "configs.dataGeneratorFormatConfig.wholeFileExistsAction",
        "value" : "TO_ERROR"
      }, {
        "name" : "configs.dataGeneratorFormatConfig.includeChecksumInTheEvents",
        "value" : false
      }, {
        "name" : "configs.dataGeneratorFormatConfig.checksumAlgorithm",
        "value" : "MD5"
      }, {
        "name" : "configs.dataGeneratorFormatConfig.xmlPrettyPrint",
        "value" : true
      }, {
        "name" : "configs.dataGeneratorFormatConfig.xmlValidateSchema",
        "value" : false
      }, {
        "name" : "configs.dataGeneratorFormatConfig.xmlSchema",
        "value" : null
      }, {
        "name" : "stageOnRecordError",
        "value" : "TO_ERROR"
      }, {
        "name" : "stageRequiredFields",
        "value" : [ ]
      }, {
        "name" : "stageRecordPreconditions",
        "value" : [ ]
      } ],
      "uiInfo" : {
        "yPos" : 200,
        "stageType" : "TARGET",
        "icon" : "localfilesystem.png",
        "description" : "",
        "label" : "Local FS 2",
        "xPos" : 1600
      },
      "inputLanes" : [ "HadoopFS_01_EventLane" ],
      "outputLanes" : [ ],
      "eventLanes" : [ ],
      "services" : [ ]
    } ],
    "errorStage" : {
      "instanceName" : "WritetoFile_ErrorStage",
      "library" : "streamsets-datacollector-basic-lib",
      "stageName" : "com_streamsets_pipeline_stage_destination_recordstolocalfilesystem_ToErrorLocalFSDTarget",
      "stageVersion" : "1",
      "configuration" : [ {
        "name" : "directory",
        "value" : "/data/out"
      }, {
        "name" : "uniquePrefix",
        "value" : "sdc-${sdc:id()}"
      }, {
        "name" : "rotationIntervalSecs",
        "value" : "${1 * HOURS}"
      }, {
        "name" : "maxFileSizeMbs",
        "value" : 512
      } ],
      "uiInfo" : {
        "yPos" : 50,
        "stageType" : "TARGET",
        "icon" : "",
        "description" : "",
        "label" : "Error Records - Write to File",
        "xPos" : 500
      },
      "inputLanes" : [ ],
      "outputLanes" : [ ],
      "eventLanes" : [ ],
      "services" : [ ]
    },
    "info" : {
      "pipelineId" : "BronzeLaye487379fc-eab3-4ca4-bec2-52c57421a5ba",
      "title" : "BronzeLayerStream2HDFS",
      "description" : "",
      "created" : 1586369651979,
      "lastModified" : 1586441723588,
      "creator" : "admin",
      "lastModifier" : "admin",
      "lastRev" : "0",
      "uuid" : "d31e9c0c-4e13-4ba0-8d81-28d7584dd95e",
      "valid" : true,
      "metadata" : {
        "labels" : [ ]
      },
      "name" : "BronzeLaye487379fc-eab3-4ca4-bec2-52c57421a5ba",
      "sdcVersion" : "3.14.0",
      "sdcId" : "73c64506-6fa2-11ea-80c6-d162cc9dd014"
    },
    "metadata" : {
      "labels" : [ ]
    },
    "statsAggregatorStage" : {
      "instanceName" : "statsAggregatorStageInstance",
      "library" : "streamsets-datacollector-basic-lib",
      "stageName" : "com_streamsets_pipeline_stage_destination_devnull_StatsDpmDirectlyDTarget",
      "stageVersion" : "1",
      "configuration" : [ ],
      "uiInfo" : {
        "stageType" : "TARGET",
        "label" : "Stats Aggregator -Write Directly to Control Hub - statistics are not aggregated across Data Collectors"
      },
      "inputLanes" : [ ],
      "outputLanes" : [ ],
      "eventLanes" : [ ],
      "services" : [ ]
    },
    "startEventStages" : [ {
      "instanceName" : "Discard_StartEventStage",
      "library" : "streamsets-datacollector-basic-lib",
      "stageName" : "com_streamsets_pipeline_stage_destination_devnull_ToErrorNullDTarget",
      "stageVersion" : "1",
      "configuration" : [ ],
      "uiInfo" : {
        "yPos" : 50,
        "stageType" : "TARGET",
        "icon" : "",
        "description" : "",
        "label" : "Start Event - Discard",
        "xPos" : 280
      },
      "inputLanes" : [ ],
      "outputLanes" : [ ],
      "eventLanes" : [ ],
      "services" : [ ]
    } ],
    "stopEventStages" : [ {
      "instanceName" : "Discard_StopEventStage",
      "library" : "streamsets-datacollector-basic-lib",
      "stageName" : "com_streamsets_pipeline_stage_destination_devnull_ToErrorNullDTarget",
      "stageVersion" : "1",
      "configuration" : [ ],
      "uiInfo" : {
        "yPos" : 50,
        "stageType" : "TARGET",
        "icon" : "",
        "description" : "",
        "label" : "Stop Event - Discard",
        "xPos" : 280
      },
      "inputLanes" : [ ],
      "outputLanes" : [ ],
      "eventLanes" : [ ],
      "services" : [ ]
    } ],
    "testOriginStage" : {
      "instanceName" : "com_streamsets_pipeline_stage_devtest_rawdata_RawDataDSource_TestOriginStage",
      "library" : "streamsets-datacollector-dev-lib",
      "stageName" : "com_streamsets_pipeline_stage_devtest_rawdata_RawDataDSource",
      "stageVersion" : "3",
      "configuration" : [ {
        "name" : "rawData",
        "value" : "{\n  \"f1\": \"abc\",\n  \"f2\": \"xyz\",\n  \"f3\": \"lmn\"\n}"
      }, {
        "name" : "stopAfterFirstBatch",
        "value" : false
      }, {
        "name" : "eventData",
        "value" : null
      }, {
        "name" : "stageOnRecordError",
        "value" : "TO_ERROR"
      } ],
      "uiInfo" : {
        "stageType" : "SOURCE",
        "label" : "Test Origin - Dev Raw Data Source"
      },
      "inputLanes" : [ ],
      "outputLanes" : [ "com_streamsets_pipeline_stage_devtest_rawdata_RawDataDSource_TestOriginStageOutputLane1" ],
      "eventLanes" : [ ],
      "services" : [ {
        "service" : "com.streamsets.pipeline.api.service.dataformats.DataFormatParserService",
        "serviceVersion" : 2,
        "configuration" : [ {
          "name" : "displayFormats",
          "value" : "DELIMITED,JSON,LOG,SDC_JSON,TEXT,XML"
        }, {
          "name" : "dataFormat",
          "value" : "JSON"
        }, {
          "name" : "dataFormatConfig.compression",
          "value" : "NONE"
        }, {
          "name" : "dataFormatConfig.filePatternInArchive",
          "value" : "*"
        }, {
          "name" : "dataFormatConfig.charset",
          "value" : "UTF-8"
        }, {
          "name" : "dataFormatConfig.removeCtrlChars",
          "value" : false
        }, {
          "name" : "dataFormatConfig.textMaxLineLen",
          "value" : 1024
        }, {
          "name" : "dataFormatConfig.useCustomDelimiter",
          "value" : false
        }, {
          "name" : "dataFormatConfig.customDelimiter",
          "value" : "\\r\\n"
        }, {
          "name" : "dataFormatConfig.includeCustomDelimiterInTheText",
          "value" : false
        }, {
          "name" : "dataFormatConfig.jsonContent",
          "value" : "MULTIPLE_OBJECTS"
        }, {
          "name" : "dataFormatConfig.jsonMaxObjectLen",
          "value" : 4096
        }, {
          "name" : "dataFormatConfig.csvFileFormat",
          "value" : "CSV"
        }, {
          "name" : "dataFormatConfig.csvHeader",
          "value" : "NO_HEADER"
        }, {
          "name" : "dataFormatConfig.csvAllowExtraColumns",
          "value" : false
        }, {
          "name" : "dataFormatConfig.csvExtraColumnPrefix",
          "value" : "_extra_"
        }, {
          "name" : "dataFormatConfig.csvMaxObjectLen",
          "value" : 1024
        }, {
          "name" : "dataFormatConfig.csvCustomDelimiter",
          "value" : "|"
        }, {
          "name" : "dataFormatConfig.multiCharacterFieldDelimiter",
          "value" : "||"
        }, {
          "name" : "dataFormatConfig.multiCharacterLineDelimiter",
          "value" : "${str:unescapeJava('\\\\n')}"
        }, {
          "name" : "dataFormatConfig.csvCustomEscape",
          "value" : "\\"
        }, {
          "name" : "dataFormatConfig.csvCustomQuote",
          "value" : "\""
        }, {
          "name" : "dataFormatConfig.csvEnableComments",
          "value" : false
        }, {
          "name" : "dataFormatConfig.csvCommentMarker",
          "value" : "#"
        }, {
          "name" : "dataFormatConfig.csvIgnoreEmptyLines",
          "value" : false
        }, {
          "name" : "dataFormatConfig.csvRecordType",
          "value" : "LIST_MAP"
        }, {
          "name" : "dataFormatConfig.csvSkipStartLines",
          "value" : 0
        }, {
          "name" : "dataFormatConfig.parseNull",
          "value" : false
        }, {
          "name" : "dataFormatConfig.nullConstant",
          "value" : "\\\\N"
        }, {
          "name" : "dataFormatConfig.xmlRecordElement",
          "value" : null
        }, {
          "name" : "dataFormatConfig.preserveRootElement",
          "value" : false
        }, {
          "name" : "dataFormatConfig.includeFieldXpathAttributes",
          "value" : false
        }, {
          "name" : "dataFormatConfig.xPathNamespaceContext",
          "value" : [ ]
        }, {
          "name" : "dataFormatConfig.outputFieldAttributes",
          "value" : false
        }, {
          "name" : "dataFormatConfig.xmlMaxObjectLen",
          "value" : 4096
        }, {
          "name" : "dataFormatConfig.logMode",
          "value" : "COMMON_LOG_FORMAT"
        }, {
          "name" : "dataFormatConfig.logMaxObjectLen",
          "value" : 1024
        }, {
          "name" : "dataFormatConfig.retainOriginalLine",
          "value" : false
        }, {
          "name" : "dataFormatConfig.customLogFormat",
          "value" : "%h %l %u %t \"%r\" %>s %b"
        }, {
          "name" : "dataFormatConfig.regex",
          "value" : "^(\\S+) (\\S+) (\\S+) \\[([\\w:/]+\\s[+\\-]\\d{4})\\] \"(\\S+) (\\S+) (\\S+)\" (\\d{3}) (\\d+)"
        }, {
          "name" : "dataFormatConfig.fieldPathsToGroupName",
          "value" : [ {
            "fieldPath" : "/",
            "group" : 1
          } ]
        }, {
          "name" : "dataFormatConfig.grokPatternDefinition",
          "value" : null
        }, {
          "name" : "dataFormatConfig.grokPattern",
          "value" : "%{COMMONAPACHELOG}"
        }, {
          "name" : "dataFormatConfig.onParseError",
          "value" : "ERROR"
        }, {
          "name" : "dataFormatConfig.maxStackTraceLines",
          "value" : 50
        }, {
          "name" : "dataFormatConfig.enableLog4jCustomLogFormat",
          "value" : false
        }, {
          "name" : "dataFormatConfig.log4jCustomLogFormat",
          "value" : "%r [%t] %-5p %c %x - %m%n"
        }, {
          "name" : "dataFormatConfig.avroSchemaSource",
          "value" : null
        }, {
          "name" : "dataFormatConfig.avroSchema",
          "value" : null
        }, {
          "name" : "dataFormatConfig.schemaRegistryUrls",
          "value" : [ ]
        }, {
          "name" : "dataFormatConfig.basicAuth",
          "value" : ""
        }, {
          "name" : "dataFormatConfig.schemaLookupMode",
          "value" : "SUBJECT"
        }, {
          "name" : "dataFormatConfig.subject",
          "value" : null
        }, {
          "name" : "dataFormatConfig.schemaId",
          "value" : null
        }, {
          "name" : "dataFormatConfig.avroSkipUnionIndex",
          "value" : false
        }, {
          "name" : "dataFormatConfig.protoDescriptorFile",
          "value" : null
        }, {
          "name" : "dataFormatConfig.messageType",
          "value" : null
        }, {
          "name" : "dataFormatConfig.isDelimited",
          "value" : false
        }, {
          "name" : "dataFormatConfig.binaryMaxObjectLen",
          "value" : 1024
        }, {
          "name" : "dataFormatConfig.datagramMode",
          "value" : "SYSLOG"
        }, {
          "name" : "dataFormatConfig.typesDbPath",
          "value" : null
        }, {
          "name" : "dataFormatConfig.convertTime",
          "value" : false
        }, {
          "name" : "dataFormatConfig.excludeInterval",
          "value" : false
        }, {
          "name" : "dataFormatConfig.authFilePath",
          "value" : null
        }, {
          "name" : "dataFormatConfig.netflowOutputValuesMode",
          "value" : "RAW_AND_INTERPRETED"
        }, {
          "name" : "dataFormatConfig.maxTemplateCacheSize",
          "value" : -1
        }, {
          "name" : "dataFormatConfig.templateCacheTimeoutMs",
          "value" : -1
        }, {
          "name" : "dataFormatConfig.netflowOutputValuesModeDatagram",
          "value" : "RAW_AND_INTERPRETED"
        }, {
          "name" : "dataFormatConfig.maxTemplateCacheSizeDatagram",
          "value" : -1
        }, {
          "name" : "dataFormatConfig.templateCacheTimeoutMsDatagram",
          "value" : -1
        }, {
          "name" : "dataFormatConfig.wholeFileMaxObjectLen",
          "value" : 8192
        }, {
          "name" : "dataFormatConfig.rateLimit",
          "value" : "-1"
        }, {
          "name" : "dataFormatConfig.verifyChecksum",
          "value" : false
        }, {
          "name" : "dataFormatConfig.excelHeader",
          "value" : null
        }, {
          "name" : "dataFormatConfig.excelSkipCellsWithNoHeader",
          "value" : false
        }, {
          "name" : "dataFormatConfig.excelReadAllSheets",
          "value" : false
        }, {
          "name" : "dataFormatConfig.excelSheetNames",
          "value" : [ ]
        } ]
      } ]
    },
    "valid" : true,
    "issues" : {
      "pipelineIssues" : [ ],
      "stageIssues" : { },
      "issueCount" : 0
    },
    "previewable" : false
  },
  "pipelineRules" : {
    "schemaVersion" : 3,
    "version" : 2,
    "metricsRuleDefinitions" : [ {
      "id" : "badRecordsAlertID",
      "alertText" : "High incidence of Error Records",
      "metricId" : "pipeline.batchErrorRecords.counter",
      "metricType" : "COUNTER",
      "metricElement" : "COUNTER_COUNT",
      "condition" : "${value() > 100}",
      "sendEmail" : false,
      "enabled" : false,
      "timestamp" : 1585255456870,
      "valid" : true
    }, {
      "id" : "stageErrorAlertID",
      "alertText" : "High incidence of Stage Errors",
      "metricId" : "pipeline.batchErrorMessages.counter",
      "metricType" : "COUNTER",
      "metricElement" : "COUNTER_COUNT",
      "condition" : "${value() > 100}",
      "sendEmail" : false,
      "enabled" : false,
      "timestamp" : 1585255456870,
      "valid" : true
    }, {
      "id" : "idleGaugeID",
      "alertText" : "Pipeline is Idle",
      "metricId" : "RuntimeStatsGauge.gauge",
      "metricType" : "GAUGE",
      "metricElement" : "TIME_OF_LAST_RECEIVED_RECORD",
      "condition" : "${time:now() - value() > 120000}",
      "sendEmail" : false,
      "enabled" : false,
      "timestamp" : 1585255456870,
      "valid" : true
    }, {
      "id" : "batchTimeAlertID",
      "alertText" : "Batch taking more time to process",
      "metricId" : "RuntimeStatsGauge.gauge",
      "metricType" : "GAUGE",
      "metricElement" : "CURRENT_BATCH_AGE",
      "condition" : "${value() > 200}",
      "sendEmail" : false,
      "enabled" : false,
      "timestamp" : 1585255456870,
      "valid" : true
    } ],
    "dataRuleDefinitions" : [ ],
    "driftRuleDefinitions" : [ ],
    "uuid" : "936a7471-54fa-412f-8ab8-3bfff82f2e50",
    "configuration" : [ {
      "name" : "emailIDs",
      "value" : [ ]
    }, {
      "name" : "webhookConfigs",
      "value" : [ ]
    } ],
    "ruleIssues" : [ ],
    "configIssues" : [ ]
  },
  "libraryDefinitions" : null
}