{
  "pipelineConfig" : {
    "schemaVersion" : 6,
    "version" : 17,
    "pipelineId" : "Mainstart29444865-e351-4184-bdde-263c1c7a7ecb",
    "title" : "Main start",
    "description" : "",
    "uuid" : "9b0db751-27ae-4533-b76b-2624cbe05a9b",
    "configuration" : [ {
      "name" : "executionMode",
      "value" : "STANDALONE"
    }, {
      "name" : "edgeHttpUrl",
      "value" : "http://localhost:18633"
    }, {
      "name" : "deliveryGuarantee",
      "value" : "AT_LEAST_ONCE"
    }, {
      "name" : "testOriginStage",
      "value" : "streamsets-datacollector-dev-lib::com_streamsets_pipeline_stage_devtest_rawdata_RawDataDSource::3"
    }, {
      "name" : "startEventStage",
      "value" : "streamsets-datacollector-basic-lib::com_streamsets_pipeline_stage_destination_devnull_ToErrorNullDTarget::1"
    }, {
      "name" : "stopEventStage",
      "value" : "streamsets-datacollector-basic-lib::com_streamsets_pipeline_stage_destination_devnull_ToErrorNullDTarget::1"
    }, {
      "name" : "shouldRetry",
      "value" : true
    }, {
      "name" : "triggerInterval",
      "value" : 2000
    }, {
      "name" : "retryAttempts",
      "value" : -1
    }, {
      "name" : "ludicrousMode",
      "value" : false
    }, {
      "name" : "ludicrousModeInputCount",
      "value" : false
    }, {
      "name" : "advancedErrorHandling",
      "value" : false
    }, {
      "name" : "notifyOnStates",
      "value" : [ "RUN_ERROR", "STOPPED", "FINISHED" ]
    }, {
      "name" : "emailIDs",
      "value" : [ ]
    }, {
      "name" : "constants",
      "value" : [ ]
    }, {
      "name" : "badRecordsHandling",
      "value" : null
    }, {
      "name" : "errorRecordPolicy",
      "value" : "ORIGINAL_RECORD"
    }, {
      "name" : "statsAggregatorStage",
      "value" : "streamsets-datacollector-basic-lib::com_streamsets_pipeline_stage_destination_devnull_StatsDpmDirectlyDTarget::1"
    }, {
      "name" : "workerCount",
      "value" : 0
    }, {
      "name" : "clusterSlaveMemory",
      "value" : 2048
    }, {
      "name" : "clusterSlaveJavaOpts",
      "value" : "-XX:+UseConcMarkSweepGC -XX:+UseParNewGC -Dlog4j.debug"
    }, {
      "name" : "clusterLauncherEnv",
      "value" : [ ]
    }, {
      "name" : "mesosDispatcherURL",
      "value" : null
    }, {
      "name" : "logLevel",
      "value" : "INFO"
    }, {
      "name" : "hdfsS3ConfDir",
      "value" : null
    }, {
      "name" : "rateLimit",
      "value" : 0
    }, {
      "name" : "maxRunners",
      "value" : 0
    }, {
      "name" : "shouldCreateFailureSnapshot",
      "value" : true
    }, {
      "name" : "runnerIdleTIme",
      "value" : 60
    }, {
      "name" : "webhookConfigs",
      "value" : [ ]
    }, {
      "name" : "sparkConfigs",
      "value" : [ ]
    }, {
      "name" : "preprocessScript",
      "value" : "/*\nThe following script define a method\nthat increments an integer by 1 \nand registers it as a UDF with \nthe SparkSession, which can be accessed\nusing the variable named \"spark\":\ndef inc(i: Integer): Integer = {\n  i + 1\n}\nspark.udf.register (\"inc\", inc _)\n\n*/"
    }, {
      "name" : "clusterConfig.clusterType",
      "value" : "LOCAL"
    }, {
      "name" : "clusterConfig.sparkMasterUrl",
      "value" : "local[*]"
    }, {
      "name" : "clusterConfig.deployMode",
      "value" : "CLIENT"
    }, {
      "name" : "clusterConfig.hadoopUserName",
      "value" : null
    }, {
      "name" : "clusterConfig.sparkAppName",
      "value" : "${pipeline:title()}"
    }, {
      "name" : "clusterConfig.stagingDir",
      "value" : "/streamsets"
    }, {
      "name" : "clusterConfig.useYarnKerberosKeytab",
      "value" : false
    }, {
      "name" : "clusterConfig.yarnKerberosKeytabSource",
      "value" : "PROPERTIES_FILE"
    }, {
      "name" : "clusterConfig.yarnKerberosKeytab",
      "value" : null
    }, {
      "name" : "clusterConfig.yarnKerberosPrincipal",
      "value" : "name@DOMAIN"
    }, {
      "name" : "clusterConfig.callbackUrl",
      "value" : null
    }, {
      "name" : "databricksConfig.baseUrl",
      "value" : null
    }, {
      "name" : "databricksConfig.credentialType",
      "value" : null
    }, {
      "name" : "databricksConfig.username",
      "value" : ""
    }, {
      "name" : "databricksConfig.password",
      "value" : ""
    }, {
      "name" : "databricksConfig.token",
      "value" : ""
    }, {
      "name" : "databricksConfig.provisionNewCluster",
      "value" : true
    }, {
      "name" : "databricksConfig.clusterId",
      "value" : null
    }, {
      "name" : "databricksConfig.clusterConfig",
      "value" : "{\n    \"num_workers\": 8,\n    \"spark_version\": \"5.3.x-scala2.11\",\n    \"node_type_id\": \"i3.xlarge\"\n}"
    }, {
      "name" : "databricksConfig.terminateCluster",
      "value" : false
    }, {
      "name" : "livyConfig.baseUrl",
      "value" : "https://localhost:30443/gateway/default/livy/v1/"
    }, {
      "name" : "livyConfig.username",
      "value" : ""
    }, {
      "name" : "livyConfig.password",
      "value" : ""
    }, {
      "name" : "amazonEMRConfig.userRegion",
      "value" : null
    }, {
      "name" : "amazonEMRConfig.userRegionCustom",
      "value" : null
    }, {
      "name" : "amazonEMRConfig.accessKey",
      "value" : ""
    }, {
      "name" : "amazonEMRConfig.secretKey",
      "value" : ""
    }, {
      "name" : "amazonEMRConfig.s3StagingUri",
      "value" : null
    }, {
      "name" : "amazonEMRConfig.provisionNewCluster",
      "value" : false
    }, {
      "name" : "amazonEMRConfig.clusterId",
      "value" : null
    }, {
      "name" : "amazonEMRConfig.clusterPrefix",
      "value" : null
    }, {
      "name" : "amazonEMRConfig.terminateCluster",
      "value" : false
    }, {
      "name" : "amazonEMRConfig.loggingEnabled",
      "value" : true
    }, {
      "name" : "amazonEMRConfig.s3LogUri",
      "value" : null
    }, {
      "name" : "amazonEMRConfig.enableEMRDebugging",
      "value" : true
    }, {
      "name" : "amazonEMRConfig.serviceRole",
      "value" : "EMR_DefaultRole"
    }, {
      "name" : "amazonEMRConfig.jobFlowRole",
      "value" : "EMR_EC2_DefaultRole"
    }, {
      "name" : "amazonEMRConfig.visibleToAllUsers",
      "value" : true
    }, {
      "name" : "amazonEMRConfig.ec2SubnetId",
      "value" : null
    }, {
      "name" : "amazonEMRConfig.masterSecurityGroup",
      "value" : null
    }, {
      "name" : "amazonEMRConfig.slaveSecurityGroup",
      "value" : null
    }, {
      "name" : "amazonEMRConfig.instanceCount",
      "value" : 2
    }, {
      "name" : "amazonEMRConfig.masterInstanceType",
      "value" : null
    }, {
      "name" : "amazonEMRConfig.masterInstanceTypeCustom",
      "value" : null
    }, {
      "name" : "amazonEMRConfig.slaveInstanceType",
      "value" : null
    }, {
      "name" : "amazonEMRConfig.slaveInstanceTypeCustom",
      "value" : null
    }, {
      "name" : "transformerEMRConfig.userRegion",
      "value" : null
    }, {
      "name" : "transformerEMRConfig.userRegionCustom",
      "value" : null
    }, {
      "name" : "transformerEMRConfig.useIAMRoles",
      "value" : false
    }, {
      "name" : "transformerEMRConfig.accessKey",
      "value" : ""
    }, {
      "name" : "transformerEMRConfig.secretKey",
      "value" : ""
    }, {
      "name" : "transformerEMRConfig.s3StagingUri",
      "value" : null
    }, {
      "name" : "transformerEMRConfig.provisionNewCluster",
      "value" : false
    }, {
      "name" : "transformerEMRConfig.clusterId",
      "value" : null
    }, {
      "name" : "transformerEMRConfig.emrVersion",
      "value" : null
    }, {
      "name" : "transformerEMRConfig.clusterPrefix",
      "value" : null
    }, {
      "name" : "transformerEMRConfig.terminateCluster",
      "value" : false
    }, {
      "name" : "transformerEMRConfig.loggingEnabled",
      "value" : true
    }, {
      "name" : "transformerEMRConfig.s3LogUri",
      "value" : null
    }, {
      "name" : "transformerEMRConfig.serviceRole",
      "value" : "EMR_DefaultRole"
    }, {
      "name" : "transformerEMRConfig.jobFlowRole",
      "value" : "EMR_EC2_DefaultRole"
    }, {
      "name" : "transformerEMRConfig.visibleToAllUsers",
      "value" : true
    }, {
      "name" : "transformerEMRConfig.ec2SubnetId",
      "value" : null
    }, {
      "name" : "transformerEMRConfig.masterSecurityGroup",
      "value" : null
    }, {
      "name" : "transformerEMRConfig.slaveSecurityGroup",
      "value" : null
    }, {
      "name" : "transformerEMRConfig.instanceCount",
      "value" : 2
    }, {
      "name" : "transformerEMRConfig.masterInstanceType",
      "value" : null
    }, {
      "name" : "transformerEMRConfig.masterInstanceTypeCustom",
      "value" : null
    }, {
      "name" : "transformerEMRConfig.slaveInstanceType",
      "value" : null
    }, {
      "name" : "transformerEMRConfig.slaveInstanceTypeCustom",
      "value" : null
    } ],
    "uiInfo" : {
      "previewConfig" : {
        "previewSource" : "CONFIGURED_SOURCE",
        "batchSize" : 10,
        "timeout" : 30000,
        "writeToDestinations" : false,
        "executeLifecycleEvents" : false,
        "showHeader" : false,
        "showFieldType" : true,
        "rememberMe" : false
      }
    },
    "fragments" : [ ],
    "stages" : [ {
      "instanceName" : "HadoopFS_01",
      "library" : "streamsets-datacollector-cdh_5_7-lib",
      "stageName" : "com_streamsets_pipeline_stage_origin_hdfs_cluster_ClusterHdfsDSource",
      "stageVersion" : "6",
      "configuration" : [ {
        "name" : "clusterHDFSConfigBean.dataFormatConfig.filePatternInArchive",
        "value" : "*"
      }, {
        "name" : "clusterHDFSConfigBean.dataFormatConfig.charset",
        "value" : "UTF-8"
      }, {
        "name" : "clusterHDFSConfigBean.dataFormatConfig.removeCtrlChars",
        "value" : false
      }, {
        "name" : "clusterHDFSConfigBean.dataFormatConfig.textMaxLineLen",
        "value" : 1024
      }, {
        "name" : "clusterHDFSConfigBean.dataFormatConfig.useCustomDelimiter",
        "value" : false
      }, {
        "name" : "clusterHDFSConfigBean.dataFormatConfig.customDelimiter",
        "value" : "\\r\\n"
      }, {
        "name" : "clusterHDFSConfigBean.dataFormatConfig.jsonContent",
        "value" : "MULTIPLE_OBJECTS"
      }, {
        "name" : "clusterHDFSConfigBean.dataFormatConfig.jsonMaxObjectLen",
        "value" : 4096
      }, {
        "name" : "clusterHDFSConfigBean.dataFormatConfig.csvFileFormat",
        "value" : "CSV"
      }, {
        "name" : "clusterHDFSConfigBean.dataFormatConfig.csvHeader",
        "value" : "NO_HEADER"
      }, {
        "name" : "clusterHDFSConfigBean.dataFormatConfig.csvAllowExtraColumns",
        "value" : false
      }, {
        "name" : "clusterHDFSConfigBean.dataFormatConfig.csvExtraColumnPrefix",
        "value" : "_extra_"
      }, {
        "name" : "clusterHDFSConfigBean.dataFormatConfig.csvMaxObjectLen",
        "value" : 1024
      }, {
        "name" : "clusterHDFSConfigBean.dataFormatConfig.csvCustomDelimiter",
        "value" : "|"
      }, {
        "name" : "clusterHDFSConfigBean.dataFormatConfig.multiCharacterFieldDelimiter",
        "value" : "||"
      }, {
        "name" : "clusterHDFSConfigBean.dataFormatConfig.multiCharacterLineDelimiter",
        "value" : "${str:unescapeJava('\\\\n')}"
      }, {
        "name" : "clusterHDFSConfigBean.dataFormatConfig.csvCustomEscape",
        "value" : "\\"
      }, {
        "name" : "clusterHDFSConfigBean.dataFormatConfig.csvCustomQuote",
        "value" : "\""
      }, {
        "name" : "clusterHDFSConfigBean.dataFormatConfig.csvEnableComments",
        "value" : false
      }, {
        "name" : "clusterHDFSConfigBean.dataFormatConfig.csvCommentMarker",
        "value" : "#"
      }, {
        "name" : "clusterHDFSConfigBean.dataFormatConfig.csvIgnoreEmptyLines",
        "value" : true
      }, {
        "name" : "clusterHDFSConfigBean.dataFormatConfig.csvRecordType",
        "value" : "LIST_MAP"
      }, {
        "name" : "clusterHDFSConfigBean.dataFormatConfig.csvSkipStartLines",
        "value" : 0
      }, {
        "name" : "clusterHDFSConfigBean.dataFormatConfig.parseNull",
        "value" : false
      }, {
        "name" : "clusterHDFSConfigBean.dataFormatConfig.nullConstant",
        "value" : "\\\\N"
      }, {
        "name" : "clusterHDFSConfigBean.dataFormatConfig.xmlRecordElement",
        "value" : null
      }, {
        "name" : "clusterHDFSConfigBean.dataFormatConfig.preserveRootElement",
        "value" : true
      }, {
        "name" : "clusterHDFSConfigBean.dataFormatConfig.includeFieldXpathAttributes",
        "value" : false
      }, {
        "name" : "clusterHDFSConfigBean.dataFormatConfig.xPathNamespaceContext",
        "value" : [ ]
      }, {
        "name" : "clusterHDFSConfigBean.dataFormatConfig.outputFieldAttributes",
        "value" : false
      }, {
        "name" : "clusterHDFSConfigBean.dataFormatConfig.xmlMaxObjectLen",
        "value" : 4096
      }, {
        "name" : "clusterHDFSConfigBean.dataFormatConfig.logMode",
        "value" : "COMMON_LOG_FORMAT"
      }, {
        "name" : "clusterHDFSConfigBean.dataFormatConfig.logMaxObjectLen",
        "value" : 1024
      }, {
        "name" : "clusterHDFSConfigBean.dataFormatConfig.retainOriginalLine",
        "value" : false
      }, {
        "name" : "clusterHDFSConfigBean.dataFormatConfig.customLogFormat",
        "value" : "%h %l %u %t \"%r\" %>s %b"
      }, {
        "name" : "clusterHDFSConfigBean.dataFormatConfig.regex",
        "value" : "^(\\S+) (\\S+) (\\S+) \\[([\\w:/]+\\s[+\\-]\\d{4})\\] \"(\\S+) (\\S+) (\\S+)\" (\\d{3}) (\\d+)"
      }, {
        "name" : "clusterHDFSConfigBean.dataFormatConfig.fieldPathsToGroupName",
        "value" : [ {
          "fieldPath" : "/",
          "group" : 1
        } ]
      }, {
        "name" : "clusterHDFSConfigBean.dataFormatConfig.grokPatternDefinition",
        "value" : null
      }, {
        "name" : "clusterHDFSConfigBean.dataFormatConfig.grokPattern",
        "value" : "%{COMMONAPACHELOG}"
      }, {
        "name" : "clusterHDFSConfigBean.dataFormatConfig.onParseError",
        "value" : "ERROR"
      }, {
        "name" : "clusterHDFSConfigBean.dataFormatConfig.maxStackTraceLines",
        "value" : 50
      }, {
        "name" : "clusterHDFSConfigBean.dataFormatConfig.enableLog4jCustomLogFormat",
        "value" : false
      }, {
        "name" : "clusterHDFSConfigBean.dataFormatConfig.log4jCustomLogFormat",
        "value" : "%r [%t] %-5p %c %x - %m%n"
      }, {
        "name" : "clusterHDFSConfigBean.dataFormatConfig.avroSchemaSource",
        "value" : "SOURCE"
      }, {
        "name" : "clusterHDFSConfigBean.dataFormatConfig.avroSchema",
        "value" : null
      }, {
        "name" : "clusterHDFSConfigBean.dataFormatConfig.schemaRegistryUrls",
        "value" : [ ]
      }, {
        "name" : "clusterHDFSConfigBean.dataFormatConfig.basicAuth",
        "value" : ""
      }, {
        "name" : "clusterHDFSConfigBean.dataFormatConfig.schemaLookupMode",
        "value" : "SUBJECT"
      }, {
        "name" : "clusterHDFSConfigBean.dataFormatConfig.subject",
        "value" : null
      }, {
        "name" : "clusterHDFSConfigBean.dataFormatConfig.schemaId",
        "value" : null
      }, {
        "name" : "clusterHDFSConfigBean.dataFormatConfig.avroSkipUnionIndex",
        "value" : false
      }, {
        "name" : "clusterHDFSConfigBean.dataFormatConfig.protoDescriptorFile",
        "value" : null
      }, {
        "name" : "clusterHDFSConfigBean.dataFormatConfig.messageType",
        "value" : null
      }, {
        "name" : "clusterHDFSConfigBean.dataFormatConfig.isDelimited",
        "value" : true
      }, {
        "name" : "clusterHDFSConfigBean.dataFormatConfig.binaryMaxObjectLen",
        "value" : 1024
      }, {
        "name" : "clusterHDFSConfigBean.dataFormatConfig.datagramMode",
        "value" : "SYSLOG"
      }, {
        "name" : "clusterHDFSConfigBean.dataFormatConfig.typesDbPath",
        "value" : null
      }, {
        "name" : "clusterHDFSConfigBean.dataFormatConfig.convertTime",
        "value" : false
      }, {
        "name" : "clusterHDFSConfigBean.dataFormatConfig.excludeInterval",
        "value" : true
      }, {
        "name" : "clusterHDFSConfigBean.dataFormatConfig.authFilePath",
        "value" : null
      }, {
        "name" : "clusterHDFSConfigBean.dataFormatConfig.netflowOutputValuesMode",
        "value" : "RAW_AND_INTERPRETED"
      }, {
        "name" : "clusterHDFSConfigBean.dataFormatConfig.maxTemplateCacheSize",
        "value" : -1
      }, {
        "name" : "clusterHDFSConfigBean.dataFormatConfig.templateCacheTimeoutMs",
        "value" : -1
      }, {
        "name" : "clusterHDFSConfigBean.dataFormatConfig.netflowOutputValuesModeDatagram",
        "value" : "RAW_AND_INTERPRETED"
      }, {
        "name" : "clusterHDFSConfigBean.dataFormatConfig.maxTemplateCacheSizeDatagram",
        "value" : -1
      }, {
        "name" : "clusterHDFSConfigBean.dataFormatConfig.templateCacheTimeoutMsDatagram",
        "value" : -1
      }, {
        "name" : "clusterHDFSConfigBean.dataFormatConfig.wholeFileMaxObjectLen",
        "value" : 8192
      }, {
        "name" : "clusterHDFSConfigBean.dataFormatConfig.rateLimit",
        "value" : "-1"
      }, {
        "name" : "clusterHDFSConfigBean.dataFormatConfig.verifyChecksum",
        "value" : false
      }, {
        "name" : "clusterHDFSConfigBean.dataFormatConfig.excelHeader",
        "value" : null
      }, {
        "name" : "clusterHDFSConfigBean.dataFormatConfig.excelSkipCellsWithNoHeader",
        "value" : false
      }, {
        "name" : "clusterHDFSConfigBean.dataFormatConfig.excelReadAllSheets",
        "value" : true
      }, {
        "name" : "clusterHDFSConfigBean.dataFormatConfig.excelSheetNames",
        "value" : [ ]
      }, {
        "name" : "clusterHDFSConfigBean.dataFormat",
        "value" : "AVRO"
      }, {
        "name" : "clusterHDFSConfigBean.hdfsUri",
        "value" : "hdfs://quickstart.cloudera:8020"
      }, {
        "name" : "clusterHDFSConfigBean.hdfsDirLocations",
        "value" : [ "/user/hive/warehouse/bronze.db/weather" ]
      }, {
        "name" : "clusterHDFSConfigBean.recursive",
        "value" : true
      }, {
        "name" : "clusterHDFSConfigBean.produceSingleRecordPerMessage",
        "value" : false
      }, {
        "name" : "clusterHDFSConfigBean.hdfsKerberos",
        "value" : false
      }, {
        "name" : "clusterHDFSConfigBean.hdfsConfDir",
        "value" : null
      }, {
        "name" : "clusterHDFSConfigBean.hdfsUser",
        "value" : null
      }, {
        "name" : "clusterHDFSConfigBean.hdfsConfigs",
        "value" : [ ]
      }, {
        "name" : "clusterHDFSConfigBean.maxBatchSize",
        "value" : 1000
      }, {
        "name" : "clusterHDFSConfigBean.awsAccessKey",
        "value" : ""
      }, {
        "name" : "clusterHDFSConfigBean.awsSecretKey",
        "value" : ""
      }, {
        "name" : "stageOnRecordError",
        "value" : "TO_ERROR"
      } ],
      "uiInfo" : {
        "yPos" : 50,
        "stageType" : "SOURCE",
        "icon" : "hdfs.png",
        "description" : "",
        "label" : "Hadoop FS 1",
        "xPos" : 60
      },
      "inputLanes" : [ ],
      "outputLanes" : [ "HadoopFS_01OutputLane15862625818370" ],
      "eventLanes" : [ ],
      "services" : [ ]
    } ],
    "errorStage" : null,
    "info" : {
      "pipelineId" : "Mainstart29444865-e351-4184-bdde-263c1c7a7ecb",
      "title" : "Main start",
      "description" : "",
      "created" : 1586261457450,
      "lastModified" : 1586262800492,
      "creator" : "admin",
      "lastModifier" : "admin",
      "lastRev" : "0",
      "uuid" : "9b0db751-27ae-4533-b76b-2624cbe05a9b",
      "valid" : false,
      "metadata" : {
        "labels" : [ ]
      },
      "name" : "Mainstart29444865-e351-4184-bdde-263c1c7a7ecb",
      "sdcVersion" : "3.14.0",
      "sdcId" : "73c64506-6fa2-11ea-80c6-d162cc9dd014"
    },
    "metadata" : {
      "labels" : [ ]
    },
    "statsAggregatorStage" : {
      "instanceName" : "statsAggregatorStageInstance",
      "library" : "streamsets-datacollector-basic-lib",
      "stageName" : "com_streamsets_pipeline_stage_destination_devnull_StatsDpmDirectlyDTarget",
      "stageVersion" : "1",
      "configuration" : [ ],
      "uiInfo" : {
        "stageType" : "TARGET",
        "label" : "Stats Aggregator -Write Directly to Control Hub - statistics are not aggregated across Data Collectors"
      },
      "inputLanes" : [ ],
      "outputLanes" : [ ],
      "eventLanes" : [ ],
      "services" : [ ]
    },
    "startEventStages" : [ {
      "instanceName" : "Discard_StartEventStage",
      "library" : "streamsets-datacollector-basic-lib",
      "stageName" : "com_streamsets_pipeline_stage_destination_devnull_ToErrorNullDTarget",
      "stageVersion" : "1",
      "configuration" : [ ],
      "uiInfo" : {
        "yPos" : 50,
        "stageType" : "TARGET",
        "icon" : "",
        "description" : "",
        "label" : "Start Event - Discard",
        "xPos" : 280
      },
      "inputLanes" : [ ],
      "outputLanes" : [ ],
      "eventLanes" : [ ],
      "services" : [ ]
    } ],
    "stopEventStages" : [ {
      "instanceName" : "Discard_StopEventStage",
      "library" : "streamsets-datacollector-basic-lib",
      "stageName" : "com_streamsets_pipeline_stage_destination_devnull_ToErrorNullDTarget",
      "stageVersion" : "1",
      "configuration" : [ ],
      "uiInfo" : {
        "yPos" : 50,
        "stageType" : "TARGET",
        "icon" : "",
        "description" : "",
        "label" : "Stop Event - Discard",
        "xPos" : 280
      },
      "inputLanes" : [ ],
      "outputLanes" : [ ],
      "eventLanes" : [ ],
      "services" : [ ]
    } ],
    "testOriginStage" : {
      "instanceName" : "com_streamsets_pipeline_stage_devtest_rawdata_RawDataDSource_TestOriginStage",
      "library" : "streamsets-datacollector-dev-lib",
      "stageName" : "com_streamsets_pipeline_stage_devtest_rawdata_RawDataDSource",
      "stageVersion" : "3",
      "configuration" : [ {
        "name" : "rawData",
        "value" : "{\n  \"f1\": \"abc\",\n  \"f2\": \"xyz\",\n  \"f3\": \"lmn\"\n}"
      }, {
        "name" : "stopAfterFirstBatch",
        "value" : false
      }, {
        "name" : "eventData",
        "value" : null
      }, {
        "name" : "stageOnRecordError",
        "value" : "TO_ERROR"
      } ],
      "uiInfo" : {
        "stageType" : "SOURCE",
        "label" : "Test Origin - Dev Raw Data Source"
      },
      "inputLanes" : [ ],
      "outputLanes" : [ "com_streamsets_pipeline_stage_devtest_rawdata_RawDataDSource_TestOriginStageOutputLane1" ],
      "eventLanes" : [ ],
      "services" : [ {
        "service" : "com.streamsets.pipeline.api.service.dataformats.DataFormatParserService",
        "serviceVersion" : 2,
        "configuration" : [ {
          "name" : "displayFormats",
          "value" : "DELIMITED,JSON,LOG,SDC_JSON,TEXT,XML"
        }, {
          "name" : "dataFormat",
          "value" : "JSON"
        }, {
          "name" : "dataFormatConfig.compression",
          "value" : "NONE"
        }, {
          "name" : "dataFormatConfig.filePatternInArchive",
          "value" : "*"
        }, {
          "name" : "dataFormatConfig.charset",
          "value" : "UTF-8"
        }, {
          "name" : "dataFormatConfig.removeCtrlChars",
          "value" : false
        }, {
          "name" : "dataFormatConfig.textMaxLineLen",
          "value" : 1024
        }, {
          "name" : "dataFormatConfig.useCustomDelimiter",
          "value" : false
        }, {
          "name" : "dataFormatConfig.customDelimiter",
          "value" : "\\r\\n"
        }, {
          "name" : "dataFormatConfig.includeCustomDelimiterInTheText",
          "value" : false
        }, {
          "name" : "dataFormatConfig.jsonContent",
          "value" : "MULTIPLE_OBJECTS"
        }, {
          "name" : "dataFormatConfig.jsonMaxObjectLen",
          "value" : 4096
        }, {
          "name" : "dataFormatConfig.csvFileFormat",
          "value" : "CSV"
        }, {
          "name" : "dataFormatConfig.csvHeader",
          "value" : "NO_HEADER"
        }, {
          "name" : "dataFormatConfig.csvAllowExtraColumns",
          "value" : false
        }, {
          "name" : "dataFormatConfig.csvExtraColumnPrefix",
          "value" : "_extra_"
        }, {
          "name" : "dataFormatConfig.csvMaxObjectLen",
          "value" : 1024
        }, {
          "name" : "dataFormatConfig.csvCustomDelimiter",
          "value" : "|"
        }, {
          "name" : "dataFormatConfig.multiCharacterFieldDelimiter",
          "value" : "||"
        }, {
          "name" : "dataFormatConfig.multiCharacterLineDelimiter",
          "value" : "${str:unescapeJava('\\\\n')}"
        }, {
          "name" : "dataFormatConfig.csvCustomEscape",
          "value" : "\\"
        }, {
          "name" : "dataFormatConfig.csvCustomQuote",
          "value" : "\""
        }, {
          "name" : "dataFormatConfig.csvEnableComments",
          "value" : false
        }, {
          "name" : "dataFormatConfig.csvCommentMarker",
          "value" : "#"
        }, {
          "name" : "dataFormatConfig.csvIgnoreEmptyLines",
          "value" : false
        }, {
          "name" : "dataFormatConfig.csvRecordType",
          "value" : "LIST_MAP"
        }, {
          "name" : "dataFormatConfig.csvSkipStartLines",
          "value" : 0
        }, {
          "name" : "dataFormatConfig.parseNull",
          "value" : false
        }, {
          "name" : "dataFormatConfig.nullConstant",
          "value" : "\\\\N"
        }, {
          "name" : "dataFormatConfig.xmlRecordElement",
          "value" : null
        }, {
          "name" : "dataFormatConfig.preserveRootElement",
          "value" : false
        }, {
          "name" : "dataFormatConfig.includeFieldXpathAttributes",
          "value" : false
        }, {
          "name" : "dataFormatConfig.xPathNamespaceContext",
          "value" : [ ]
        }, {
          "name" : "dataFormatConfig.outputFieldAttributes",
          "value" : false
        }, {
          "name" : "dataFormatConfig.xmlMaxObjectLen",
          "value" : 4096
        }, {
          "name" : "dataFormatConfig.logMode",
          "value" : "COMMON_LOG_FORMAT"
        }, {
          "name" : "dataFormatConfig.logMaxObjectLen",
          "value" : 1024
        }, {
          "name" : "dataFormatConfig.retainOriginalLine",
          "value" : false
        }, {
          "name" : "dataFormatConfig.customLogFormat",
          "value" : "%h %l %u %t \"%r\" %>s %b"
        }, {
          "name" : "dataFormatConfig.regex",
          "value" : "^(\\S+) (\\S+) (\\S+) \\[([\\w:/]+\\s[+\\-]\\d{4})\\] \"(\\S+) (\\S+) (\\S+)\" (\\d{3}) (\\d+)"
        }, {
          "name" : "dataFormatConfig.fieldPathsToGroupName",
          "value" : [ {
            "fieldPath" : "/",
            "group" : 1
          } ]
        }, {
          "name" : "dataFormatConfig.grokPatternDefinition",
          "value" : null
        }, {
          "name" : "dataFormatConfig.grokPattern",
          "value" : "%{COMMONAPACHELOG}"
        }, {
          "name" : "dataFormatConfig.onParseError",
          "value" : "ERROR"
        }, {
          "name" : "dataFormatConfig.maxStackTraceLines",
          "value" : 50
        }, {
          "name" : "dataFormatConfig.enableLog4jCustomLogFormat",
          "value" : false
        }, {
          "name" : "dataFormatConfig.log4jCustomLogFormat",
          "value" : "%r [%t] %-5p %c %x - %m%n"
        }, {
          "name" : "dataFormatConfig.avroSchemaSource",
          "value" : null
        }, {
          "name" : "dataFormatConfig.avroSchema",
          "value" : null
        }, {
          "name" : "dataFormatConfig.schemaRegistryUrls",
          "value" : [ ]
        }, {
          "name" : "dataFormatConfig.basicAuth",
          "value" : ""
        }, {
          "name" : "dataFormatConfig.schemaLookupMode",
          "value" : "SUBJECT"
        }, {
          "name" : "dataFormatConfig.subject",
          "value" : null
        }, {
          "name" : "dataFormatConfig.schemaId",
          "value" : null
        }, {
          "name" : "dataFormatConfig.avroSkipUnionIndex",
          "value" : false
        }, {
          "name" : "dataFormatConfig.protoDescriptorFile",
          "value" : null
        }, {
          "name" : "dataFormatConfig.messageType",
          "value" : null
        }, {
          "name" : "dataFormatConfig.isDelimited",
          "value" : false
        }, {
          "name" : "dataFormatConfig.binaryMaxObjectLen",
          "value" : 1024
        }, {
          "name" : "dataFormatConfig.datagramMode",
          "value" : "SYSLOG"
        }, {
          "name" : "dataFormatConfig.typesDbPath",
          "value" : null
        }, {
          "name" : "dataFormatConfig.convertTime",
          "value" : false
        }, {
          "name" : "dataFormatConfig.excludeInterval",
          "value" : false
        }, {
          "name" : "dataFormatConfig.authFilePath",
          "value" : null
        }, {
          "name" : "dataFormatConfig.netflowOutputValuesMode",
          "value" : "RAW_AND_INTERPRETED"
        }, {
          "name" : "dataFormatConfig.maxTemplateCacheSize",
          "value" : -1
        }, {
          "name" : "dataFormatConfig.templateCacheTimeoutMs",
          "value" : -1
        }, {
          "name" : "dataFormatConfig.netflowOutputValuesModeDatagram",
          "value" : "RAW_AND_INTERPRETED"
        }, {
          "name" : "dataFormatConfig.maxTemplateCacheSizeDatagram",
          "value" : -1
        }, {
          "name" : "dataFormatConfig.templateCacheTimeoutMsDatagram",
          "value" : -1
        }, {
          "name" : "dataFormatConfig.wholeFileMaxObjectLen",
          "value" : 8192
        }, {
          "name" : "dataFormatConfig.rateLimit",
          "value" : "-1"
        }, {
          "name" : "dataFormatConfig.verifyChecksum",
          "value" : false
        }, {
          "name" : "dataFormatConfig.excelHeader",
          "value" : null
        }, {
          "name" : "dataFormatConfig.excelSkipCellsWithNoHeader",
          "value" : false
        }, {
          "name" : "dataFormatConfig.excelReadAllSheets",
          "value" : false
        }, {
          "name" : "dataFormatConfig.excelSheetNames",
          "value" : [ ]
        } ]
      } ]
    },
    "valid" : true,
    "issues" : {
      "pipelineIssues" : [ ],
      "stageIssues" : { },
      "issueCount" : 0
    },
    "previewable" : false
  },
  "pipelineRules" : {
    "schemaVersion" : 3,
    "version" : 2,
    "metricsRuleDefinitions" : [ {
      "id" : "badRecordsAlertID",
      "alertText" : "High incidence of Error Records",
      "metricId" : "pipeline.batchErrorRecords.counter",
      "metricType" : "COUNTER",
      "metricElement" : "COUNTER_COUNT",
      "condition" : "${value() > 100}",
      "sendEmail" : false,
      "enabled" : false,
      "timestamp" : 1586261457465,
      "valid" : true
    }, {
      "id" : "stageErrorAlertID",
      "alertText" : "High incidence of Stage Errors",
      "metricId" : "pipeline.batchErrorMessages.counter",
      "metricType" : "COUNTER",
      "metricElement" : "COUNTER_COUNT",
      "condition" : "${value() > 100}",
      "sendEmail" : false,
      "enabled" : false,
      "timestamp" : 1586261457465,
      "valid" : true
    }, {
      "id" : "idleGaugeID",
      "alertText" : "Pipeline is Idle",
      "metricId" : "RuntimeStatsGauge.gauge",
      "metricType" : "GAUGE",
      "metricElement" : "TIME_OF_LAST_RECEIVED_RECORD",
      "condition" : "${time:now() - value() > 120000}",
      "sendEmail" : false,
      "enabled" : false,
      "timestamp" : 1586261457465,
      "valid" : true
    }, {
      "id" : "batchTimeAlertID",
      "alertText" : "Batch taking more time to process",
      "metricId" : "RuntimeStatsGauge.gauge",
      "metricType" : "GAUGE",
      "metricElement" : "CURRENT_BATCH_AGE",
      "condition" : "${value() > 200}",
      "sendEmail" : false,
      "enabled" : false,
      "timestamp" : 1586261457465,
      "valid" : true
    } ],
    "dataRuleDefinitions" : [ ],
    "driftRuleDefinitions" : [ ],
    "uuid" : "7f89f4ab-d7a2-466a-a061-8177e84fe82d",
    "configuration" : [ {
      "name" : "emailIDs",
      "value" : [ ]
    }, {
      "name" : "webhookConfigs",
      "value" : [ ]
    } ],
    "ruleIssues" : null,
    "configIssues" : null
  },
  "libraryDefinitions" : null
}